CustomerID,Recency,InvoiceNo,Monetary,cluster
000nan,0,1373,1716830.53,2
012346,325,1,77183.6,1
012747,1,11,4196.01,1
012748,0,209,33719.73,2
012749,3,5,4090.88,1
012820,2,4,942.34,1
012821,213,1,92.72,1
012822,70,2,948.88,1
012823,74,5,1759.5,1
012824,59,1,397.12,1
012826,2,7,1474.72,1
012827,5,3,430.15000000000003,1
012828,2,6,1018.71,1
012829,336,2,293.0,1
012830,37,6,6814.64,1
012831,261,1,215.05,1
012832,31,2,383.03,1
012833,144,1,417.38,1
012834,282,1,312.38,1
012836,58,4,2612.86,1
012837,172,1,134.1,1
012838,33,2,683.13,1
012839,2,14,5591.42,1
012840,143,4,2726.77,1
012841,4,25,4022.35,1
012842,69,2,1118.99,2
012843,65,8,1702.26,1
012844,28,2,325.96000000000004,1
012845,266,4,354.09,1
012847,21,1,871.54,1
012849,30,2,1050.8899999999999,1
012851,96,1,135.18,1
012852,294,1,311.55,1
012853,134,6,1957.1000000000001,1
012854,78,3,1324.5,1
012855,372,1,38.1,1
012856,7,6,2179.93,1
012857,210,2,1106.4,1
012863,51,1,521.2,1
012864,137,1,147.12,1
012867,25,7,4036.82,1
012868,185,6,1607.0600000000002,1
012871,83,2,380.64,1
012872,326,2,599.97,1
012873,281,1,374.0,1
012875,142,2,343.2300000000001,1
012877,3,12,1535.77,1
012878,235,2,854.99,0
012879,44,3,573.22,1
012881,275,1,298.0,1
012882,8,2,1463.04,1
012883,24,4,703.47,1
012884,87,1,309.05,1
012885,62,3,1175.22,1
012886,67,2,1378.4,1
012888,213,2,354.12,1
012890,23,1,380.46999999999997,1
012891,185,3,331.0,1
012893,30,1,188.14,1
012895,41,2,372.8,1
012897,204,2,216.5,1
012901,8,28,17654.54,1
012902,264,1,138.68,1
012904,17,2,509.58,1
012906,11,5,2919.81,1
012908,175,2,750.0,1
012909,39,5,2178.67,0
012910,22,8,3075.04,1
012912,2,5,1662.3,1
012913,4,5,2483.63,1
012915,148,2,363.65,1
012916,138,4,3006.15,1
012917,127,1,594.0,1
012919,7,6,1335.19,1
012920,16,1,164.23,1
012921,8,37,16587.09,1
012922,160,1,405.38,1
012923,63,1,176.97,1
012924,87,4,933.7,1
012925,4,2,694.05,1
012928,34,5,2062.7000000000003,1
012929,311,1,117.85,1
012930,77,2,415.8,1
012931,21,15,42055.96,1
012933,23,3,607.53,1
012935,1,7,2160.7,1
012936,16,4,1063.9,1
012937,14,4,1504.27,1
012938,25,1,114.14,1
012939,63,8,11581.8,1
012940,54,2,913.54,1
012942,130,3,683.9,1
012944,35,2,604.51,1
012945,287,1,462.95,1
012947,143,6,1603.99,1
012948,15,7,2064.95,1
012949,30,8,4167.22,1
012950,1,3,1843.0,1
012951,8,6,1064.07,1
012952,5,4,1387.79,1
012953,9,1,329.85,1
012955,0,11,4757.16,1
012956,305,1,108.07,1
012957,9,8,4017.54,1
012962,6,2,266.39,1
012963,7,8,1856.63,1
012965,88,1,771.91,2
012966,9,1,160.18,1
012967,357,2,1660.9,1
012968,111,1,135.95,1
012970,6,4,452.24,1
012971,3,86,11189.91,1
012974,197,1,144.8,1
012976,211,1,738.6,1
012977,155,1,39.239999999999995,1
012980,157,9,7374.900000000001,1
012981,29,2,372.21999999999997,1
012982,242,1,390.54,1
012984,18,1,97.5,1
012985,0,2,1239.38,1
012987,73,2,558.7,1
012988,291,1,535.32,1
012989,2,15,6924.110000000001,1
012990,30,3,409.5,1
012991,22,2,503.76,1
012993,22,4,414.76,1
012994,3,3,974.4200000000001,1
012995,84,1,211.32,1
012997,21,4,1226.89,1
012999,195,3,455.88,1
013000,106,3,534.85,1
013001,3,13,9818.82,1
013002,317,1,120.94999999999999,1
013003,105,3,149.05,1
013004,11,18,5655.91,0
013005,173,2,513.7,1
013006,55,1,81.57,1
013008,322,1,229.46999999999997,1
013011,371,1,50.550000000000004,1
013012,8,8,1661.8400000000001,1
013013,0,13,4810.9400000000005,1
013014,10,10,3466.2799999999997,1
013015,52,5,3346.28,1
013016,72,3,789.89,1
013017,6,1,204.0,1
013018,15,28,7277.7,1
013021,3,9,2616.38,1
013023,63,2,689.9,1
013026,0,5,975.36,1
013027,113,6,6912.0,1
013028,22,2,661.3199999999999,1
013029,30,3,1247.5,1
013030,10,2,799.48,1
013032,51,2,1010.18,1
013033,356,1,190.55,1
013034,54,2,642.77,1
013035,73,2,921.88,1
013037,137,3,881.07,2
013038,79,3,908.46,1
013040,8,2,676.99,1
013043,272,1,516.42,1
013044,290,1,560.47,2
013045,98,1,305.28000000000003,1
013046,30,2,629.31,1
013047,31,10,3237.54,1
013048,13,4,1835.91,1
013049,63,2,656.6800000000001,1
013050,14,17,5836.86,1
013052,211,1,348.15000000000003,1
013055,77,3,1214.41,1
013058,24,3,271.40000000000003,1
013059,249,1,183.4,1
013060,253,1,307.53,1
013061,71,1,248.61,1
013062,190,1,346.98,1
013064,12,4,1119.49,1
013065,372,1,205.86,1
013066,23,2,470.8,1
013067,81,1,115.46000000000001,1
013068,9,2,344.0,1
013069,0,24,4436.12,0
013070,191,1,228.8,1
013072,266,1,177.15,1
013075,129,1,919.61,1
013077,0,4,729.27,1
013078,2,26,12627.94,1
013079,3,5,220.10000000000002,1
013080,178,1,58.08,1
013081,11,11,28337.38,1
013082,125,9,3613.63,1
013083,3,2,303.75,1
013085,157,2,416.08000000000004,1
013089,2,97,58825.83,2
013090,8,14,8910.82,1
013091,27,1,345.82,1
013092,70,5,477.83,1
013093,275,8,7832.47,1
013094,20,12,1927.3200000000002,1
013095,70,1,74.39999999999999,1
013097,32,10,6010.42,1
013098,0,28,28882.44,1
013099,98,1,207.35999999999999,1
013101,233,1,101.19,1
013102,0,24,6424.09,1
013103,39,1,243.94,1
013104,2,6,1098.48,1
013106,132,1,76.5,1
013107,43,4,1531.6200000000001,1
013108,372,1,350.06,1
013109,59,2,786.54,1
013110,30,7,1488.67,1
013113,0,24,12245.960000000001,1
013115,11,4,2294.78,1
013116,137,1,501.14,1
013117,21,8,984.91,1
013118,19,5,1197.81,1
013120,238,1,30.599999999999998,1
013121,268,1,283.73,1
013122,93,2,922.39,1
013124,89,3,3866.33,1
013126,4,8,2099.64,1
013127,77,1,259.17,1
013130,93,1,64.0,1
013131,22,3,1073.3,1
013132,261,1,77.3,1
013133,273,2,109.8,1
013134,85,4,1793.58,1
013135,196,1,3096.0,1
013136,55,5,2607.61,1
013137,10,8,3650.41,2
013138,21,6,962.39,1
013139,15,7,5064.94,1
013140,107,3,423.72,1
013141,84,5,2388.75,1
013142,18,1,307.09,1
013144,332,1,110.95,1
013145,39,4,618.52,1
013146,25,1,228.91,1
013147,9,4,712.8000000000001,1
013148,28,12,3707.12,1
013149,13,4,1676.06,0
013151,295,1,1257.8700000000001,1
013153,5,1,486.22,1
013155,32,4,971.76,1
013157,48,4,1741.22,1
013158,94,4,1201.06,1
013159,8,4,1437.85,1
013160,21,1,91.8,1
013161,312,1,112.75,1
013162,121,4,1688.29,1
013165,45,2,1021.48,1
013166,282,1,417.2,1
013167,18,4,791.33,1
013168,35,4,1319.19,1
013169,63,2,712.88,1
013170,26,1,116.00999999999999,1
013171,21,3,468.41,1
013173,3,2,353.65,1
013174,15,3,2817.03,1
013176,45,1,492.84,1
013177,64,1,282.45,1
013178,25,11,5725.47,1
013182,44,1,121.18,1
013183,7,9,3957.78,1
013184,14,10,1701.29,1
013185,267,1,71.4,1
013186,39,3,1575.89,1
013187,336,1,236.02,1
013188,10,1,114.60000000000001,1
013189,18,2,260.68,1
013192,94,2,911.94,1
013193,60,1,117.88,1
013194,135,1,60.7,1
013196,10,4,1797.78,1
013198,9,6,3401.2400000000002,1
013199,3,38,9817.12,1
013200,18,4,870.09,1
013203,9,4,869.46,1
013207,14,2,250.26000000000002,1
013208,58,6,1223.9,1
013209,29,8,5891.61,0
013210,93,1,353.48,1
013211,9,3,1197.42,1
013212,19,3,788.08,0
013213,56,5,1520.58,1
013216,267,1,333.74,1
013217,121,3,533.98,1
013218,126,1,62.63999999999999,1
013220,77,4,819.2900000000001,1
013221,239,2,847.41,1
013223,199,2,163.20000000000002,1
013224,59,2,2155.95,1
013225,2,7,6463.84,1
013226,272,1,108.21000000000001,1
013227,201,1,257.7,1
013228,80,1,358.0,1
013229,225,1,160.95,1
013230,3,14,2806.97,0
013232,12,7,1357.6,1
013233,73,2,605.12,1
013235,211,1,1031.07,1
013236,23,2,744.85,1
013238,16,4,700.73,1
013239,261,1,329.56,1
013240,95,4,663.65,1
013242,111,3,270.40000000000003,1
013243,202,1,600.07,1
013244,92,1,121.74000000000001,1
013245,50,1,430.5,1
013246,17,6,1987.3,1
013247,17,4,501.12,1
013248,124,2,465.68,1
013249,91,3,711.41,1
013253,156,2,1030.4,1
013255,8,2,399.51,1
013258,11,3,698.58,1
013259,61,1,292.32,1
013260,60,1,557.62,1
013261,268,2,944.1,1
013262,262,1,200.29,1
013263,0,35,7454.07,2
013265,52,5,2107.66,2
013266,10,12,3834.2599999999998,1
013267,2,19,4521.49,0
013268,17,11,3214.69,1
013269,0,15,5346.2300000000005,1
013270,365,1,590.0,1
013271,36,1,217.38,1
013272,30,2,276.56,1
013273,112,1,138.98,1
013276,63,2,590.9300000000001,1
013277,15,4,258.4,1
013278,40,1,542.73,1
013279,77,1,137.75,1
013280,121,3,814.86,1
013282,17,3,1132.14,1
013283,59,2,93.66,1
013284,330,1,201.19,1
013285,22,4,2709.12,1
013291,155,1,361.11,1
013292,38,2,578.9399999999999,1
013294,189,2,873.74,1
013295,359,1,201.20000000000002,1
013296,136,1,87.4,1
013297,7,4,2089.85,1
013298,0,1,360.0,1
013299,267,1,142.5,1
013300,168,1,371.89,1
013301,103,4,618.09,1
013302,154,1,63.75,1
013304,350,1,300.42,1
013305,3,10,2000.86,1
013307,119,1,15.0,1
013308,22,3,1385.51,1
013309,6,5,1456.79,1
013310,27,3,1132.03,1
013311,3,2,598.57,1
013313,21,5,1555.32,1
013314,1,3,775.94,1
013316,36,4,5977.7300000000005,1
013317,65,6,2273.68,1
013318,0,3,640.76,1
013319,4,26,10845.550000000001,1
013320,77,4,1548.7,1
013321,71,2,567.36,1
013322,16,1,199.48000000000002,1
013323,2,5,787.85,1
013324,35,10,7121.95,1
013325,81,1,675.3,1
013327,38,8,3627.77,1
013328,315,1,1308.48,1
013329,31,2,789.0,1
013330,92,3,1140.93,1
013332,13,1,350.9,1
013334,81,3,3536.82,1
013336,76,1,795.12,1
013338,157,1,487.02,1
013339,200,1,860.12,1
013340,44,7,10736.48,1
013341,260,1,775.85,1
013343,177,1,353.43,1
013344,67,3,2543.72,2
013345,287,1,389.5,1
013347,69,1,341.36,1
013348,63,1,233.76,1
013349,10,1,247.32,1
013350,15,2,979.12,1
013351,65,1,373.94,1
013352,59,1,397.97999999999996,1
013354,70,2,743.53,1
013355,121,1,674.7,1
013356,79,1,768.24,1
013357,256,1,609.95,1
013358,268,1,439.03,1
013359,63,1,439.56,1
013362,8,4,3090.7400000000002,1
013363,17,2,992.5,1
013364,70,1,134.95999999999998,1
013365,33,2,2225.37,0
013366,49,1,56.160000000000004,1
013368,256,2,623.4,1
013369,365,1,308.28000000000003,1
013370,371,1,754.87,1
013372,89,1,378.64,1
013373,60,3,3312.25,2
013375,88,1,778.65,1
013376,98,3,1019.76,1
013379,25,3,572.56,0
013381,31,6,3639.31,1
013382,280,1,222.99,1
013384,30,7,4151.93,1
013385,329,1,534.57,1
013388,130,2,677.1,1
013389,10,3,797.96,1
013390,74,1,544.08,1
013391,203,1,59.8,1
013394,1,8,2520.02,1
013395,184,1,307.72,1
013396,28,2,1360.99,1
013397,72,5,1544.13,1
013398,191,1,457.34,1
013402,126,2,621.23,1
013403,17,1,75.0,1
013404,0,2,252.49,1
013405,73,3,572.451,1
013408,1,62,28117.04,1
013410,23,5,1003.06,1
013411,106,1,213.55,1
013414,133,3,1390.5,1
013416,43,2,712.5,1
013417,4,2,640.83,1
013418,11,18,6127.43,1
013419,63,1,221.06,1
013420,149,2,159.85,1
013421,39,2,1851.08,1
013422,63,1,2626.3,1
013425,107,3,1624.21,2
013426,0,10,3641.32,1
013427,18,3,582.6,1
013428,9,1,218.47,1
013429,10,4,1006.8,1
013430,18,2,679.45,1
013431,66,2,1269.1,1
013434,73,2,534.24,1
013435,4,7,3809.8900000000003,1
013436,1,1,196.89,1
013437,13,7,3408.06,1
013439,254,1,283.71,1
013441,91,1,296.64,1
013447,22,3,1129.14,1
013448,16,6,3539.37,1
013449,23,1,291.88,1
013450,26,6,2043.7199999999998,1
013451,25,5,2976.15,0
013452,258,2,590.0,1
013453,165,2,356.97999999999996,1
013455,24,2,1058.34,1
013456,17,6,1766.72,1
013458,6,14,9646.57,0
013460,28,2,183.44,1
013461,38,3,1445.0,1
013462,252,1,151.5,1
013464,57,1,674.68,1
013466,183,1,307.9,1
013467,10,2,1083.71,1
013468,1,37,5704.97,1
013470,98,2,165.0,1
013471,0,4,2531.58,1
013473,60,2,422.64,1
013474,235,1,229.59,1
013475,190,4,1431.78,0
013476,178,2,1238.47,1
013477,37,6,1454.58,1
013479,200,2,300.95,1
013481,45,5,1804.56,1
013482,231,1,184.64,1
013483,65,1,140.34,1
013484,240,1,313.8,1
013485,232,1,454.24,1
013486,77,3,1122.41,1
013487,57,3,575.4,1
013488,16,13,8968.31,1
013489,104,4,449.52,1
013491,51,10,1215.82,1
013494,311,1,316.26000000000005,1
013495,7,5,2044.8700000000001,1
013496,10,2,653.33,1
013497,282,2,348.05,1
013499,17,5,1159.11,1
013500,22,3,1166.77,1
013502,16,3,292.0,1
013503,70,1,216.85,1
013504,63,1,295.93,1
013506,315,2,458.52,1
013507,2,4,2479.16,1
013508,243,1,110.97,1
013509,8,7,979.72,1
013510,0,4,1791.56,1
013512,260,1,251.21,1
013513,126,1,205.1,1
013514,73,1,152.20000000000002,1
013515,72,4,891.12,1
013516,20,3,1389.41,1
013517,59,3,2128.42,1
013518,85,1,659.4399999999999,1
013519,77,1,122.75,1
013521,0,3,1093.65,1
013522,29,1,125.80000000000001,1
013523,32,5,3964.88,2
013524,40,5,680.1800000000001,1
013525,14,2,628.78,1
013527,33,7,2287.51,1
013529,78,2,307.76,1
013531,204,2,483.8,1
013532,33,1,210.31,1
013533,182,3,270.79,1
013534,1,25,5870.08,1
013536,0,7,3448.29,1
013538,42,7,1280.85,1
013539,85,3,631.34,1
013544,39,2,291.41,1
013546,11,3,626.99,1
013548,95,2,682.41,1
013549,25,7,918.2,1
013551,318,1,91.80000000000001,1
013552,65,12,3740.07,1
013555,73,4,4149.28,1
013557,27,2,584.06,1
013558,5,4,605.06,1
013560,6,1,174.37,1
013561,215,1,141.85999999999999,1
013562,81,3,1799.33,1
013563,83,2,777.53,1
013564,143,3,1749.02,1
013565,18,2,240.22,1
013566,40,2,874.71,1
013568,172,1,192.85,1
013569,16,2,373.75,1
013570,242,1,239.49,1
013571,12,12,2092.32,1
013572,205,1,1384.25,1
013573,49,2,294.4,1
013575,22,5,732.0699999999999,1
013576,9,18,6717.34,1
013577,24,4,1687.6000000000001,1
013579,14,2,467.04,1
013581,308,1,118.0,1
013583,155,1,781.03,1
013584,306,1,142.4,1
013587,63,1,712.4,1
013588,15,9,2478.95,1
013589,14,2,379.65,1
013590,10,6,1981.92,1
013591,64,3,1117.13,1
013592,35,4,247.95999999999998,1
013593,107,5,2037.0800000000002,1
013594,52,1,396.97,1
013596,5,2,697.04,1
013598,46,1,180.17000000000002,1
013599,0,21,5153.67,1
013600,311,1,219.52,1
013601,44,2,693.32,1
013602,64,1,428.89,1
013603,25,1,164.34,1
013606,28,3,280.53999999999996,1
013607,39,1,678.01,1
013610,11,7,1131.88,1
013611,88,3,1171.8,1
013614,23,4,1610.46,1
013615,318,1,417.69,1
013617,39,3,544.18,1
013618,173,1,177.34,1
013621,116,1,213.85,1
013623,30,5,747.78,1
013626,252,1,257.23,1
013627,58,5,1638.47,1
013629,22,11,7792.36,1
013630,4,7,2031.78,1
013631,99,11,3070.42,1
013632,24,5,2121.27,1
013634,32,5,1575.16,1
013635,67,1,1071.03,1
013636,36,5,949.12,1
013637,51,3,810.5,1
013638,15,1,122.64,1
013639,73,1,1033.34,1
013642,215,1,354.8,1
013643,30,3,519.44,1
013644,15,4,2624.26,1
013645,119,1,252.1,1
013647,9,4,1678.1200000000001,1
013649,256,2,346.6,1
013650,16,6,1836.34,1
013651,34,2,94.2,1
013652,45,3,1095.08,1
013654,42,6,2707.33,1
013655,113,2,932.97,1
013656,164,2,379.65,0
013657,10,2,382.14,1
013658,9,5,2639.17,0
013659,205,2,1573.2,1
013662,85,3,897.76,2
013663,178,1,189.47,1
013666,59,3,84.65,1
013667,148,1,305.02,1
013668,2,21,6363.59,0
013669,50,2,218.55,1
013670,74,1,349.7,1
013672,300,2,186.39000000000001,1
013673,18,2,396.92,1
013675,150,2,486.82000000000005,1
013678,151,1,232.6,1
013680,0,4,3722.42,1
013681,17,4,827.83,1
013682,186,1,59.5,1
013684,285,1,67.23,1
013685,2,7,3119.44,1
013686,182,1,72.0,1
013689,62,1,910.0,1
013690,58,1,172.25,1
013692,24,3,1488.32,1
013694,3,50,65039.62,1
013695,30,15,2504.13,1
013697,38,1,151.29999999999998,1
013699,154,1,308.58000000000004,1
013700,25,10,2265.12,1
013703,317,1,99.5,1
013704,4,9,2308.06,1
013705,7,3,711.86,0
013706,302,1,330.79,2
013707,266,2,806.41,1
013708,270,1,296.88,1
013709,3,13,6328.05,0
013710,31,1,180.48,1
013711,218,2,252.06,1
013712,246,1,228.84,1
013715,280,5,1079.34,1
013716,268,1,138.28,1
013717,31,6,1445.01,1
013718,245,2,306.55,1
013719,14,5,1041.68,1
013720,116,4,799.9,1
013721,35,1,524.14,1
013722,131,3,2375.41,1
013723,216,1,199.85000000000002,1
013725,49,8,1980.56,1
013726,38,2,1079.6599999999999,0
013727,28,2,333.48,1
013728,36,6,1016.14,1
013730,135,2,752.6,1
013731,218,2,610.59,1
013732,27,1,491.86,1
013735,24,4,2885.2400000000002,1
013736,4,2,731.9,1
013737,199,1,339.59999999999997,1
013739,17,1,216.9,1
013740,240,1,350.75,1
013741,71,3,668.4300000000001,1
013742,16,12,3131.02,1
013743,2,7,1341.6,1
013744,94,2,1156.36,0
013745,161,1,300.04,0
013747,373,1,79.6,1
013748,95,5,948.25,1
013750,53,5,1647.26,1
013751,287,1,296.25,1
013752,123,6,1186.28,1
013753,287,1,741.26,1
013754,151,2,282.59999999999997,1
013755,3,9,2161.35,0
013756,1,14,5189.52,1
013758,11,7,3190.55,1
013759,32,2,659.4100000000001,1
013760,53,2,286.79,1
013761,49,2,1070.65,1
013762,218,1,306.72,1
013763,62,1,1714.96,1
013764,70,3,1521.76,1
013767,1,37,17220.36,1
013769,1,10,2796.51,1
013771,63,4,2634.45,1
013772,33,3,1132.13,1
013774,81,1,345.0,1
013777,0,33,25977.16,1
013778,102,1,178.7,1
013780,6,2,360.01,1
013781,250,1,127.84,1
013782,12,6,912.0,1
013784,9,11,2462.79,1
013786,366,1,230.39999999999998,1
013787,75,2,309.04,1
013790,3,1,348.8,1
013791,127,2,1516.0,1
013792,65,2,195.55,1
013798,0,57,37153.85,1
013799,116,2,688.86,1
013800,309,1,558.32,1
013801,66,1,324.8,1
013802,138,3,4599.42,1
013803,254,1,277.07,1
013804,30,7,2635.79,1
013805,51,2,924.6,1
013806,63,1,256.38,1
013807,366,1,112.6,1
013808,5,5,1747.66,1
013819,301,3,1140.35,1
013821,144,2,385.64,1
013822,5,2,632.0,1
013823,18,2,957.66,1
013824,32,5,1698.94,1
013826,175,1,189.5,1
013827,57,3,412.05,1
013828,21,1,209.49,1
013831,15,6,2202.99,1
013832,18,1,52.199999999999996,1
013833,158,1,384.8,1
013835,24,4,834.57,1
013837,211,2,271.24,1
013838,5,4,691.73,1
013841,252,1,85.0,1
013842,58,9,3385.62,1
013844,10,1,361.62,1
013845,64,1,312.98,1
013846,24,3,865.0600000000001,1
013848,91,3,1255.0,1
013849,51,2,1537.95,1
013850,128,1,1595.48,1
013851,95,3,2651.46,1
013853,56,1,1090.14,1
013854,8,25,8109.5199999999995,1
013856,168,3,388.5,1
013858,56,1,216.17,1
013859,325,1,201.16,1
013860,0,5,1245.9,1
013862,17,8,2209.36,1
013863,247,1,305.78,1
013865,57,4,501.56,1
013866,73,1,145.67000000000002,1
013867,30,3,1015.29,1
013868,6,2,3192.54,1
013869,122,4,3104.95,2
013870,1,8,2770.94,1
013871,22,13,6403.25,1
013873,119,3,389.6,1
013874,357,1,540.45,1
013875,53,5,1786.79,1
013876,63,1,122.7,1
013877,85,1,117.24,1
013878,54,1,1281.53,1
013880,20,13,3219.77,1
013881,2,20,17159.52,1
013882,2,5,1191.13,1
013883,10,5,2674.48,1
013884,6,5,787.6,1
013885,188,2,506.8,1
013886,70,1,243.56,1
013887,203,1,349.55,1
013888,119,2,605.63,1
013889,92,1,416.90000000000003,1
013890,0,10,1883.8100000000002,1
013892,26,4,632.97,1
013893,297,1,821.1,1
013894,23,3,564.62,1
013895,27,4,2593.07,1
013897,49,1,311.16,1
013898,325,1,155.93,1
013899,15,2,388.52,1
013900,182,3,740.95,2
013901,71,5,2867.2,1
013904,36,2,332.64,1
013908,79,4,2369.55,1
013911,56,9,2580.91,2
013914,11,2,626.45,1
013917,49,2,272.04,1
013918,49,2,1212.8400000000001,1
013922,351,1,172.25,1
013923,53,1,351.13,1
013924,1,6,1838.8500000000001,1
013925,92,4,678.25,1
013926,22,1,223.85000000000002,1
013927,74,1,348.99,1
013928,10,4,464.57,1
013929,168,2,842.65,1
013930,57,2,337.34,1
013931,95,2,1237.53,1
013932,294,1,307.4,1
013933,108,2,608.7900000000001,1
013934,263,1,922.1,1
013936,179,1,376.58,1
013937,168,1,158.85,1
013938,34,1,71.66,1
013939,22,3,568.55,1
013940,16,4,839.14,1
013941,21,5,5112.96,1
013946,78,3,561.5699999999999,1
013947,64,1,90.6,1
013948,360,1,102.0,1
013949,2,6,2427.32,1
013950,10,4,745.06,1
013951,175,3,674.45,1
013952,217,2,3251.071,1
013953,6,7,3515.68,1
013954,0,2,439.92,1
013955,153,2,322.96,1
013956,4,5,1026.42,1
013959,78,3,598.2,1
013960,20,2,230.22,1
013962,21,2,169.55,1
013963,307,4,664.54,1
013967,145,1,80.7,1
013969,6,18,9053.94,0
013971,18,8,2758.26,1
013972,70,2,190.25,1
013973,286,1,264.7,1
013974,48,1,413.59000000000003,1
013975,30,6,2526.28,1
013976,206,1,357.98,1
013978,14,2,196.79000000000002,1
013979,72,1,869.87,1
013980,59,1,200.14,1
013982,38,4,1871.81,1
013983,29,12,2603.43,1
013984,26,5,920.51,1
013985,3,15,7060.13,1
013986,16,1,320.46,1
013988,19,6,4147.96,2
013989,65,2,1266.08,1
013990,212,1,311.3,1
013991,11,6,855.97,1
013992,29,1,76.8,1
013993,42,9,3466.36,0
013994,3,6,2313.14,1
013995,14,5,1393.69,1
013999,9,12,3901.81,1
014000,210,1,635.66,1
014001,45,3,2043.0800000000002,1
014002,133,2,529.73,1
014004,42,7,4582.64,0
014005,9,5,2874.72,1
014006,115,3,962.19,1
014009,197,2,695.61,1
014012,277,1,328.8,1
014013,109,3,473.02,1
014014,76,1,505.18,1
014015,52,1,917.34,1
014019,46,3,1421.61,1
014020,16,2,642.8,1
014021,154,3,631.9,1
014022,224,1,440.0,1
014023,6,2,584.07,1
014024,121,2,327.7,1
014027,60,1,104.82,1
014029,62,2,467.66,1
014030,17,8,2360.09,1
014031,6,19,17286.86,1
014032,1,11,2975.59,1
014034,21,3,651.8199999999999,1
014035,28,5,1428.02,1
014036,284,1,626.65,1
014037,175,2,147.20000000000002,1
014038,77,3,1560.38,1
014039,32,1,152.2,1
014040,40,12,3614.92,1
014041,265,1,141.41,1
014044,26,4,652.82,1
014045,108,4,1659.75,1
014046,283,1,154.99,1
014047,8,5,1308.6100000000001,1
014048,304,1,409.93,1
014049,16,4,5681.72,1
014050,31,2,746.36,1
014051,0,23,15610.390000000001,1
014052,19,1,225.36,1
014053,123,2,260.25,1
014054,64,1,92.46,1
014055,105,1,725.6400000000001,1
014056,0,23,8214.65,2
014057,23,17,6217.96,1
014059,266,1,183.6,1
014060,4,19,6140.42,2
014062,9,12,10464.85,1
014064,28,5,1353.74,1
014066,266,1,152.55,1
014067,63,2,374.7,1
014068,319,1,265.85,1
014071,3,8,1438.82,1
014073,31,1,151.04,1
014075,4,3,942.26,1
014076,128,1,122.47,1
014077,40,5,499.41999999999996,1
014078,101,6,1049.37,1
014079,124,1,375.1,1
014080,32,1,45.599999999999994,1
014081,301,2,934.52,1
014082,364,1,182.25,1
014083,3,9,1018.43,1
014085,1,18,4448.54,1
014087,2,1,194.42,1
014088,9,13,50491.81,1
014089,56,1,161.0,1
014090,324,1,76.32000000000001,1
014092,7,14,4076.91,1
014093,11,1,442.85,1
014096,3,17,65164.79,0
014098,36,1,147.35,1
014099,15,11,3104.17,1
014100,137,1,194.9,1
014101,73,6,5976.79,1
014102,4,5,1360.28,0
014104,153,2,216.20999999999998,1
014105,238,1,1266.23,1
014107,51,7,2703.23,1
014108,30,2,597.91,1
014109,72,1,144.2,1
014110,3,12,5683.15,1
014111,13,4,692.85,1
014112,22,7,2915.15,1
014113,3,4,1840.42,1
014114,273,2,386.53,1
014116,19,5,1382.74,1
014117,143,1,90.0,1
014121,3,4,2780.15,1
014124,83,1,419.58000000000004,1
014125,10,3,2740.43,1
014126,7,3,706.1300000000001,1
014127,122,3,709.71,1
014128,60,2,637.5,1
014129,1,5,1123.8600000000001,1
014130,318,1,483.86,1
014132,1,11,3586.0299999999997,1
014133,129,3,605.64,1
014135,1,15,4690.31,1
014138,1,2,982.3800000000001,1
014139,45,1,415.82,1
014140,3,2,935.05,1
014141,2,4,915.13,1
014142,372,1,311.81,1
014143,133,1,115.8,1
014145,46,4,3742.2,1
014146,8,5,4191.0,1
014147,77,2,483.4,1
014148,233,1,157.2,1
014149,220,1,446.62,1
014150,35,2,658.64,1
014152,74,2,621.29,1
014154,238,2,1345.62,1
014155,265,1,118.75,1
014157,19,2,432.88,1
014158,39,1,507.66,1
014159,19,11,4693.01,1
014161,215,3,1110.52,1
014162,173,2,289.36,1
014163,86,4,2445.91,1
014164,70,2,1631.77,1
014165,275,1,122.53999999999999,1
014167,38,4,574.84,1
014171,97,1,363.79,1
014173,10,4,450.84,1
014174,32,1,134.46,1
014175,59,3,3222.3,1
014176,296,4,576.9000000000001,1
014177,85,4,559.41,1
014178,8,7,1620.93,1
014179,40,2,719.78,1
014180,10,25,4748.52,1
014184,66,1,452.89,0
014185,330,1,197.65,1
014188,30,6,2054.36,1
014189,1,15,4654.08,1
014191,1,13,4684.76,0
014193,67,2,853.39,1
014194,4,21,11349.52,1
014195,201,2,1012.0,1
014196,106,1,335.52,1
014198,17,4,701.4,1
014199,217,1,185.39999999999998,1
014201,59,7,747.44,1
014204,1,1,161.03,1
014205,16,2,466.7,1
014206,238,1,328.15999999999997,1
014208,94,1,151.74,1
014209,10,6,2073.43,2
014210,105,6,1905.8400000000001,1
014211,52,9,2241.1,1
014212,89,1,1070.48,1
014214,30,5,1004.38,1
014215,11,6,1789.72,0
014216,2,4,1839.3,1
014217,1,17,2004.98,1
014218,42,1,169.48000000000002,1
014219,3,1,89.94,1
014220,246,2,632.4,1
014221,41,9,3432.8,0
014222,176,1,683.17,1
014223,91,3,991.13,1
014224,109,4,1050.12,1
014226,28,5,2232.19,2
014227,25,10,3350.96,2
014229,51,3,1547.2,1
014231,183,3,925.71,1
014232,42,5,2048.07,1
014233,48,4,1462.72,1
014234,21,4,775.46,1
014235,74,5,3144.86,1
014236,80,2,490.86,1
014237,372,1,161.0,1
014238,325,1,146.85,1
014239,42,11,2380.85,1
014240,29,2,890.34,1
014241,183,1,213.70000000000002,1
014242,234,2,280.55,1
014243,8,10,2588.77,1
014245,219,2,1693.45,1
014246,110,3,1474.06,1
014247,277,1,136.76999999999998,1
014248,317,1,302.58,1
014250,6,3,1904.05,1
014251,1,5,2879.7000000000003,1
014256,259,2,969.0600000000001,1
014257,63,5,3099.7200000000003,1
014258,8,9,12669.98,1
014259,141,1,120.0,1
014261,50,2,1163.45,0
014262,7,8,2618.23,1
014264,154,2,333.97,1
014267,162,3,1516.24,1
014270,331,1,492.65000000000003,1
014271,225,1,112.32,1
014272,73,2,437.96,1
014273,50,4,559.97,1
014276,98,3,1119.74,1
014280,196,1,134.04,1
014282,2,15,3729.34,1
014284,30,2,595.25,1
014285,20,4,1910.01,1
014286,23,3,4628.75,1
014287,7,3,176.63,1
014288,212,1,426.6,1
014289,8,6,911.26,1
014290,10,5,2314.65,1
014291,1,11,3883.25,1
014292,7,9,4871.93,1
014293,2,4,1046.56,1
014295,39,1,166.20000000000002,1
014297,17,4,1305.33,1
014298,7,44,51527.3,0
014299,7,9,3965.62,1
014300,18,1,43.2,1
014301,116,1,640.14,1
014304,222,1,383.45,1
014305,70,3,1858.96,1
014306,50,2,2093.32,1
014307,88,6,2995.72,1
014309,7,9,2352.53,1
014311,242,1,310.26,1
014312,46,6,1611.59,1
014314,106,1,120.0,1
014315,44,6,2481.13,1
014317,64,1,508.58000000000004,1
014320,206,2,477.79,1
014321,10,5,1530.75,1
014323,114,2,605.0600000000001,1
014326,241,1,183.85,1
014327,162,1,311.65,1
014329,16,7,5014.84,1
014331,123,2,462.65999999999997,1
014332,22,3,866.31,1
014333,67,1,415.2,1
014334,16,8,2552.21,1
014336,16,4,1614.91,1
014338,160,2,588.22,1
014339,242,1,309.52,1
014340,218,1,134.7,1
014341,44,8,2182.28,1
014342,20,4,668.5600000000001,1
014344,126,8,889.9300000000001,1
014345,38,1,108.97999999999999,1
014346,120,2,1021.58,1
014348,259,1,409.57,1
014349,9,1,133.5,1
014350,273,1,282.93,1
014351,164,1,51.0,1
014352,156,4,1078.96,1
014353,214,1,90.6,1
014354,5,2,163.62,1
014355,365,1,174.4,1
014356,79,2,701.23,1
014357,42,1,225.77,1
014359,18,3,912.18,1
014360,31,4,2128.23,1
014362,21,1,161.2,1
014364,108,8,3717.35,1
014367,7,16,9261.52,1
014368,319,1,155.0,1
014371,294,1,100.5,1
014373,357,1,76.55,1
014375,184,1,257.68,1
014377,190,2,617.05,1
014379,43,2,348.1,1
014381,51,1,202.68,1
014382,25,1,626.0699999999999,1
014383,37,3,1247.69,1
014385,8,3,202.11,1
014386,296,1,142.4,1
014387,32,3,1770.56,1
014388,9,8,3212.84,1
014389,64,2,1043.46,1
014390,9,9,4652.82,1
014393,217,1,67.95,1
014395,1,9,3507.71,1
014396,64,2,487.99,1
014397,2,19,2612.96,1
014400,148,1,574.7,1
014401,3,13,4051.48,1
014403,129,4,1475.81,1
014404,33,6,1474.32,1
014406,118,1,156.75,1
014407,106,6,2157.73,1
014408,10,7,2606.53,1
014409,70,6,2059.4500000000003,1
014410,91,9,1105.07,1
014411,310,1,1063.0,1
014412,42,2,770.03,1
014413,361,1,122.7,1
014414,91,7,1496.98,1
014415,0,13,5900.28,0
014416,21,2,490.22,1
014418,3,3,1937.25,1
014419,10,6,1058.06,1
014420,98,1,387.52,1
014421,56,2,813.11,1
014422,0,6,4263.64,2
014423,217,1,265.2,1
014424,17,1,322.08,1
014426,23,10,4481.67,1
014427,49,2,363.34000000000003,1
014428,6,5,1244.83,2
014431,302,1,470.36,1
014432,9,6,2255.51,1
014434,21,6,1372.8,1
014436,98,1,89.06,1
014437,365,1,63.0,1
014438,305,1,131.9,1
014440,7,5,2357.6800000000003,1
014441,0,4,1712.89,1
014443,53,4,1420.2,1
014446,0,4,1039.58,0
014447,18,5,1163.23,1
014448,8,2,375.35,1
014449,18,4,907.1,1
014450,180,3,483.25,1
014451,59,2,662.59,1
014452,10,2,264.44,1
014453,189,1,119.93,1
014456,4,9,3062.4,2
014457,310,1,113.64,1
014459,154,1,1837.92,1
014460,109,3,434.34,1
014461,147,3,2103.06,2
014462,65,11,2004.02,1
014463,97,3,529.62,1
014465,246,3,1058.6200000000001,1
014466,28,7,2272.4,1
014467,17,4,598.76,1
014470,11,2,461.19,1
014472,103,8,1936.84,1
014473,73,2,234.34000000000003,1
014474,45,1,547.66,1
014475,71,3,925.85,1
014476,256,1,215.7,1
014477,19,4,1309.6,1
014479,253,2,316.25,1
014480,10,1,279.05,1
014481,164,2,636.51,1
014482,17,6,2068.15,1
014483,281,1,137.1,1
014484,49,1,321.92,1
014485,38,1,165.75,1
014487,26,6,1196.33,1
014488,67,1,1064.28,1
014489,206,1,463.38,1
014491,174,2,340.93,1
014493,6,5,2383.2400000000002,1
014494,25,1,139.56,1
014495,50,2,123.8,1
014496,311,2,538.8100000000001,1
014497,308,1,475.37,1
014498,42,5,1957.32,1
014499,25,3,815.32,1
014500,87,3,356.85,1
014501,183,2,251.21,1
014502,19,11,2470.67,1
014503,2,6,3543.26,1
014504,46,4,673.26,1
014505,16,8,5905.64,0
014506,16,5,2012.17,0
014507,23,6,1383.18,1
014508,21,2,276.42,1
014511,10,5,1314.81,2
014512,187,2,275.28,1
014513,100,3,455.59000000000003,1
014514,60,3,1055.35,1
014515,17,6,2102.09,1
014517,32,2,330.45,1
014518,63,1,174.37,1
014520,1,2,270.6,1
014522,23,4,974.54,1
014523,107,1,241.09,1
014524,31,9,1867.68,1
014525,19,9,4332.2,1
014527,2,55,8508.82,0
014528,36,1,364.21999999999997,1
014529,59,3,620.04,1
014530,25,6,2925.91,1
014532,235,4,932.85,1
014533,24,7,1949.72,1
014534,2,18,4447.05,1
014535,59,3,2864.19,0
014536,259,1,171.8,1
014537,57,1,355.56,1
014538,64,2,388.25,1
014539,15,2,537.48,1
014540,9,3,996.26,1
014541,58,8,1461.65,1
014542,185,1,103.25,1
014543,28,16,3630.33,1
014544,23,2,2024.45,1
014546,4,5,2578.09,1
014547,3,8,4007.54,1
014548,150,2,652.8,1
014549,310,1,289.24,1
014550,10,2,765.62,1
014551,17,2,186.23,1
014552,151,1,165.07,1
014553,18,5,859.27,1
014554,9,4,2381.04,1
014555,56,2,324.14,1
014557,84,1,788.38,1
014560,6,22,2237.77,1
014561,75,3,1080.76,1
014562,3,18,5074.77,2
014565,95,4,3099.12,1
014567,56,2,1530.3600000000001,1
014569,0,1,227.39,1
014570,280,2,218.06,1
014572,2,7,2832.84,1
014573,179,9,1653.42,0
014576,371,1,35.400000000000006,1
014577,12,4,859.71,1
014578,2,1,168.63,1
014581,16,1,138.6,1
014582,40,1,114.11,1
014583,5,5,1052.55,1
014584,168,4,1042.26,1
014585,49,1,157.05,1
014586,276,1,237.36,1
014587,18,9,1601.14,1
014589,371,1,39.75,1
014591,14,4,1447.14,1
014592,34,3,570.46,1
014593,21,3,617.99,2
014594,6,2,379.83,1
014595,19,6,1740.6,1
014597,10,2,883.15,1
014598,43,1,221.97,1
014600,305,1,393.33000000000004,1
014601,10,1,213.96,1
014603,274,1,660.0,1
014606,0,93,12156.65,0
014607,15,14,16569.5,1
014608,3,4,1785.15,1
014609,71,4,601.56,1
014616,242,3,406.08000000000004,1
014618,8,3,553.44,1
014619,245,1,394.44,1
014620,205,2,412.78000000000003,1
014621,0,5,1788.3600000000001,1
014622,184,1,320.58000000000004,1
014623,31,5,889.25,1
014624,56,2,225.85,1
014625,195,2,899.63,1
014626,23,4,2791.27,0
014628,90,2,671.96,1
014629,3,2,959.01,1
014631,50,3,1006.98,1
014632,262,1,114.56,1
014633,265,1,344.90000000000003,1
014636,35,2,609.85,1
014638,50,1,443.6,1
014639,51,6,2984.49,0
014640,23,6,2125.08,1
014641,21,1,110.46,1
014642,58,1,96.12,1
014643,169,2,693.8100000000001,1
014644,67,2,830.76,1
014645,156,2,597.09,1
014647,200,1,243.22,1
014649,4,4,1417.29,1
014651,66,2,654.6,2
014652,76,1,114.18,1
014653,0,7,1947.55,1
014655,7,4,1932.23,1
014656,168,2,291.05,1
014657,17,4,848.22,1
014658,4,2,247.15,1
014659,8,9,2529.93,1
014660,86,2,285.74,1
014661,26,1,107.95,1
014662,28,4,771.17,1
014664,19,2,637.89,1
014665,60,5,1835.7,1
014666,23,1,195.25,1
014667,10,25,9241.2,1
014669,241,3,1269.99,1
014670,279,2,411.53,1
014672,234,2,765.55,1
014673,2,5,1736.4,1
014675,15,1,604.75,1
014676,30,6,2548.2400000000002,1
014680,24,16,28754.11,1
014681,70,3,498.95,1
014682,187,2,52.0,1
014684,25,5,1236.28,1
014687,106,1,628.38,1
014688,7,21,5630.87,1
014689,208,1,112.8,1
014690,43,2,371.7,1
014691,30,5,2114.33,2
014692,136,4,591.55,1
014693,263,1,172.9,1
014696,3,7,2078.95,1
014697,217,2,188.60999999999999,1
014698,1,5,1250.76,1
014699,213,1,109.13000000000001,1
014700,31,3,2235.3,0
014701,10,9,2549.37,1
014702,0,17,3292.14,0
014703,14,1,318.17,1
014704,10,9,1546.91,2
014705,198,1,179.0,1
014708,2,3,1126.37,1
014709,14,13,4921.04,1
014710,13,4,606.13,1
014711,9,11,2868.8,1
014712,28,3,917.07,1
014713,8,11,2666.36,1
014714,23,1,160.19,1
014715,24,4,867.38,1
014716,42,2,329.68,1
014719,1,5,1602.13,1
014720,5,3,663.81,1
014722,146,1,187.92000000000002,1
014723,9,6,1158.3,1
014725,24,1,718.08,1
014727,273,1,268.58,1
014729,373,1,313.49,2
014730,0,8,2005.06,1
014731,46,3,380.02,1
014732,7,8,2702.4900000000002,1
014733,15,12,9585.91,1
014735,3,32,6065.69,1
014737,3,3,1164.55,1
014738,42,7,1314.45,1
014739,3,7,3902.28,1
014740,196,3,1448.21,1
014741,11,6,1400.34,1
014744,15,7,1099.98,1
014745,112,5,1220.26,1
014747,248,1,328.2,1
014748,28,5,1415.75,1
014752,43,1,389.64,1
014753,86,1,563.15,1
014754,44,2,638.05,1
014755,9,11,5010.28,0
014756,14,1,738.96,1
014757,74,1,420.5,1
014758,144,4,1484.06,1
014759,4,3,1625.97,1
014760,296,1,89.2,1
014761,58,2,255.9,1
014762,263,1,300.52,1
014764,46,1,278.3,1
014765,28,3,254.11,1
014766,7,6,2473.37,2
014768,16,2,192.60000000000002,1
014769,2,8,10674.75,1
014770,231,2,876.42,1
014772,111,1,139.26,1
014775,57,3,1011.9,1
014776,50,11,2538.3,1
014778,126,2,730.86,1
014779,280,3,386.15,1
014780,54,2,447.68,1
014782,319,1,200.10000000000002,1
014784,25,2,289.99,1
014785,9,2,77.4,1
014788,6,2,679.4399999999999,1
014789,28,1,197.64,1
014790,16,4,745.06,1
014792,63,1,6.2,1
014793,20,1,228.99,1
014794,2,7,1319.91,1
014795,165,1,131.45000000000002,1
014796,0,17,8022.49,1
014798,52,3,173.74,1
014799,50,1,157.7,1
014800,47,12,4339.74,1
014801,60,1,193.14,1
014803,161,3,845.55,1
014804,8,1,353.27,1
014805,14,4,554.65,1
014806,74,1,193.39000000000001,1
014808,39,8,2741.17,1
014810,40,11,2087.88,1
014813,369,2,155.43,1
014815,36,2,778.5,1
014816,196,1,271.85,1
014817,199,2,1110.34,1
014818,73,3,657.8,1
014819,63,2,272.07,1
014820,20,4,507.29,1
014821,366,1,48.800000000000004,1
014823,179,3,321.43,1
014824,9,4,1127.71,1
014825,3,12,2226.91,1
014828,196,3,2139.76,1
014829,28,4,697.55,1
014830,52,1,197.13,1
014834,17,6,1720.3,1
014836,9,3,102.44999999999999,1
014837,89,4,1649.5,1
014840,267,1,62.85,1
014841,52,6,3295.76,0
014842,43,4,2824.69,1
014844,63,4,3189.81,0
014847,148,1,309.4,1
014849,21,25,7930.54,2
014850,311,1,325.75,1
014851,22,2,511.35,1
014852,57,6,2836.69,1
014853,23,2,475.8,1
014854,77,7,2759.83,1
014855,118,2,645.65,1
014856,35,3,1311.3799999999999,1
014857,59,2,1173.12,1
014859,12,4,1353.74,1
014860,18,1,170.32,1
014861,51,1,125.79,1
014862,25,2,841.1999999999999,1
014863,28,1,266.76,0
014865,6,2,52.2,1
014866,10,12,14389.9,1
014867,185,3,710.28,1
014868,2,8,2953.59,1
014869,8,2,725.7,1
014870,261,1,327.25,1
014871,2,4,522.38,1
014873,209,1,519.68,1
014875,107,2,1465.3200000000002,1
014878,12,9,1485.54,1
014880,76,3,706.19,1
014881,19,1,255.4,1
014882,26,2,589.7,1
014883,18,6,761.59,1
014885,131,1,765.3199999999999,1
014886,252,1,364.8,1
014887,78,1,1862.0,1
014888,206,1,369.2,1
014889,335,1,135.9,1
014890,253,1,125.65,1
014891,147,2,554.38,1
014893,9,2,1237.8500000000001,1
014894,84,1,655.75,1
014895,7,20,11138.710000000001,1
014896,204,2,468.77000000000004,1
014897,7,4,1366.38,0
014898,22,6,1303.52,1
014901,10,9,1421.29,2
014902,25,1,332.66,1
014903,20,5,2810.63,1
014904,1,2,1025.44,1
014905,157,2,616.15,1
014907,2,7,3501.1,1
014908,73,1,277.8,1
014910,2,4,434.35,1
014913,35,4,1227.43,1
014915,90,2,307.48,1
014916,70,4,1268.98,1
014918,115,2,1610.15,1
014920,212,2,977.77,1
014921,29,2,1316.07,1
014923,50,1,749.1,1
014924,245,1,310.05,1
014929,31,1,223.88,1
014944,29,12,5900.25,1
014946,13,1,100.9,1
014947,71,2,290.82,1
014948,22,6,1101.97,1
014950,18,1,371.2,1
014951,78,1,311.69,1
014952,59,11,8099.49,1
014953,24,1,289.82,1
014954,11,1,336.17,1
014957,252,1,58.49,1
014958,146,3,499.68,1
014959,63,4,695.42,2
014960,7,2,221.27,1
014961,10,9,7044.68,1
014962,270,1,126.7,1
014963,9,5,1487.8,1
014964,246,1,206.21,1
014965,95,2,599.0,1
014966,14,1,191.32,1
014967,49,1,463.8,1
014968,29,1,147.59,1
014970,67,4,1592.06,1
014971,34,3,1116.57,1
014972,127,1,114.77,1
014973,106,3,1314.45,1
014974,36,1,114.39,1
014975,56,1,279.94,1
014976,56,7,790.86,1
014978,71,5,1931.42,1
014981,245,1,102.12,1
014984,18,2,213.27,1
014985,197,2,296.75,1
014987,15,2,326.4,1
014988,211,1,334.54,1
014995,38,2,233.23000000000002,1
014997,45,3,546.1999999999999,1
014998,169,2,429.87,1
015000,47,1,490.52,1
015002,115,4,1641.76,1
015004,146,1,1246.32,1
015005,15,28,6316.57,1
015006,50,1,502.09,1
015007,158,1,156.91,1
015009,11,3,1261.78,1
015010,35,1,308.94,1
015012,53,2,423.04,1
015014,42,2,260.17,1
015016,172,1,170.04,1
015017,33,1,125.58,1
015018,38,3,496.21000000000004,1
015019,266,1,266.0,1
015021,8,9,1914.82,1
015022,11,4,905.04,1
015023,2,11,6802.76,1
015024,9,10,1661.33,1
015025,32,1,377.01,1
015026,79,3,469.0,1
015027,30,4,1066.1499999999999,1
015028,7,4,627.13,1
015030,71,2,518.28,1
015031,3,4,668.14,1
015032,255,3,4959.1,1
015033,4,10,2586.67,1
015034,15,8,4308.61,2
015035,89,1,252.73000000000002,1
015036,71,3,465.55,1
015038,58,6,705.49,1
015039,9,47,19914.44,2
015041,169,1,180.35,1
015042,198,1,135.93,1
015043,30,1,537.0,1
015044,18,17,7700.2300000000005,1
015045,151,2,735.66,1
015046,8,15,5213.7699999999995,2
015047,269,1,343.62,1
015048,64,4,384.05,1
015049,273,1,121.17000000000002,1
015050,24,3,1782.09,1
015051,22,3,1391.61,1
015052,318,1,215.78,1
015053,4,3,697.79,1
015054,11,2,302.1,1
015057,274,2,1489.5,1
015058,24,11,2124.9900000000002,2
015059,40,9,1337.72,1
015060,7,4,303.09,1
015061,3,48,54534.14,1
015062,70,4,987.86,1
015063,212,1,370.79999999999995,1
015065,37,4,3158.13,1
015066,52,1,893.59,1
015067,77,3,1744.76,1
015068,45,2,553.36,1
015069,178,1,1109.53,1
015070,372,1,106.2,1
015071,93,2,982.07,1
015073,9,3,1043.41,1
015074,104,1,748.87,1
015075,77,1,773.03,1
015076,172,1,880.85,2
015078,6,32,9743.11,1
015079,212,4,895.61,2
015081,21,5,504.8,1
015083,256,1,88.2,1
015087,281,1,306.94,1
015088,20,2,1160.07,1
015089,9,6,2420.84,2
015090,307,1,381.32,1
015091,67,1,480.71,1
015092,214,2,457.81,1
015093,17,6,4597.02,1
015095,103,4,1370.6,1
015096,42,1,219.39000000000001,1
015097,3,1,248.08,1
015098,181,3,39916.5,1
015099,83,1,410.48,1
015100,333,3,876.0,1
015101,8,2,317.53,1
015103,30,2,703.36,1
015104,196,2,1027.44,1
015105,17,7,2298.93,1
015106,17,5,1422.52,1
015107,310,6,319.5,1
015109,245,1,484.95,1
015110,23,4,996.1,1
015111,28,3,1567.48,1
015113,9,3,3609.33,1
015114,29,10,2760.56,1
015115,17,1,340.11,1
015116,17,4,1352.75,1
015117,14,5,1551.78,1
015118,133,1,244.8,1
015119,245,1,266.4,1
015120,133,1,358.82,1
015121,49,2,457.72,1
015122,113,3,1633.78,1
015123,6,2,2199.31,2
015124,22,2,184.19,2
015125,24,15,11528.48,1
015127,65,1,406.53,1
015128,59,4,1471.0,1
015129,49,11,3447.4,1
015130,169,1,330.11,1
015132,17,5,977.9300000000001,1
015133,127,3,982.42,1
015134,14,8,1387.99,1
015135,238,1,139.05,1
015136,2,4,1286.7,1
015139,239,2,178.96,1
015140,51,7,2354.25,1
015142,45,1,498.74,1
015143,225,1,259.45,1
015144,7,17,6580.44,1
015145,3,4,1194.73,1
015146,164,2,1327.16,1
015147,239,1,623.5,1
015148,10,1,301.29,1
015149,133,1,520.8000000000001,1
015150,16,10,5314.47,2
015152,9,13,4745.69,1
015153,30,1,329.25,1
015154,74,1,296.42,1
015156,0,3,961.49,2
015157,3,3,1936.07,1
015158,44,1,401.40000000000003,1
015159,1,30,18641.010000000002,1
015160,356,1,158.16,1
015163,17,2,304.47,1
015164,68,3,843.05,1
015165,372,1,487.75,1
015167,320,1,163.0,1
015168,25,1,106.56,1
015171,330,1,1289.5,1
015172,8,5,1624.05,2
015174,322,1,135.75,1
015175,71,1,224.14,1
015178,259,1,40.5,1
015179,17,5,2206.95,1
015180,366,1,87.5,1
015181,65,3,689.4799999999999,1
015182,153,2,622.85,1
015184,28,2,406.76,1
015185,69,1,310.62,1
015186,13,2,411.41,1
015187,1,16,4777.18,1
015189,0,41,16225.39,1
015192,119,3,1044.32,1
015193,60,1,499.32,1
015194,2,15,7616.53,1
015195,2,1,3861.0,1
015197,10,3,1079.6100000000001,1
015198,91,2,193.64,1
015199,58,4,1268.7,1
015201,86,5,1236.54,1
015203,25,6,1827.8,1
015204,356,1,316.58,1
015205,84,2,653.24,1
015206,9,4,420.29999999999995,1
015208,0,5,870.12,1
015210,224,1,331.18,1
015211,59,2,894.4100000000001,1
015212,240,1,101.8,1
015213,318,2,328.35,1
015214,1,8,1661.44,1
015215,46,3,734.94,1
015216,87,1,96.6,1
015218,10,11,5756.89,2
015219,175,1,305.75,1
015220,51,6,1778.96,1
015221,365,1,403.25,1
015222,318,1,585.0,1
015223,225,2,755.75,1
015224,357,2,322.08,1
015225,233,1,409.40000000000003,1
015226,310,1,154.41,1
015227,36,5,1219.4,1
015228,65,4,3386.71,1
015230,238,2,429.6,1
015232,112,2,612.06,1
015234,276,1,197.0,1
015235,217,12,2247.51,1
015236,298,1,321.05,1
015237,1,4,1412.32,1
015238,28,3,1071.99,1
015239,9,2,780.59,1
015240,44,5,1706.57,0
015241,66,8,1756.44,1
015243,73,1,316.68,1
015244,64,2,631.57,1
015245,133,3,2515.84,1
015246,237,2,514.15,1
015247,121,1,356.0,1
015249,31,13,6688.46,0
015251,8,11,10484.99,1
015252,35,2,740.78,1
015253,15,5,918.1999999999999,1
015254,126,1,300.36,1
015255,66,1,890.85,1
015256,148,1,98.45,1
015257,282,1,317.15,1
015258,168,2,623.16,1
015260,99,7,1810.77,1
015261,134,1,254.82,1
015262,323,1,178.95000000000002,1
015263,106,1,156.51,1
015264,63,1,393.74,1
015265,150,2,1506.1200000000001,1
015266,337,1,119.3,1
015267,21,5,1717.36,1
015269,23,1,408.8,1
015270,15,7,2379.49,1
015271,6,15,2507.07,1
015272,56,2,721.94,1
015274,3,2,716.57,1
015275,37,1,615.14,1
015276,65,1,135.31,1
015277,46,1,255.89999999999998,1
015279,354,1,290.51,1
015280,171,1,113.12,1
015281,58,9,2332.15,1
015286,49,1,240.55,1
015287,21,2,486.69,1
015288,42,5,2306.52,2
015289,28,3,939.78,1
015290,4,18,7943.22,1
015291,25,15,4668.3,0
015292,200,1,180.94,1
015296,50,6,3672.86,1
015297,9,3,641.94,1
015298,1,12,4799.9,1
015299,66,7,4507.01,1
015300,63,1,496.44,1
015301,50,12,5070.35,1
015303,289,1,574.02,1
015304,60,8,694.4000000000001,1
015306,63,3,1174.35,1
015307,95,1,205.3,1
015308,273,1,310.47,1
015311,0,91,60767.9,0
015312,74,4,924.85,1
015313,109,1,52.0,1
015314,198,1,327.97,1
015315,63,2,570.5,1
015316,326,1,165.0,1
015318,3,1,312.62,1
015319,283,1,204.5,2
015320,43,1,267.13,1
015321,70,3,2748.31,1
015322,85,1,679.68,1
015325,103,1,162.29,1
015326,333,1,311.71,1
015327,52,1,208.75,1
015329,38,3,1049.7,1
015330,31,2,714.96,1
015333,207,1,1028.56,1
015334,156,3,351.67,1
015335,52,1,173.97,1
015339,65,2,574.07,1
015341,80,1,2020.52,1
015342,129,1,406.09,1
015343,86,1,364.5,1
015344,0,3,563.94,1
015345,45,1,393.54,1
015346,332,1,252.42000000000002,1
015347,365,1,201.60000000000002,1
015348,71,1,158.04,1
015349,157,2,473.81,1
015350,372,1,115.65,1
015351,11,7,1960.1100000000001,1
015353,254,2,777.02,1
015355,28,2,277.05,1
015356,30,10,2766.5,1
015358,4,22,8347.2,1
015360,39,1,427.93,1
015361,361,1,418.92,1
015363,372,1,326.0,1
015364,95,2,913.19,1
015365,25,7,2314.32,1
015366,74,2,602.51,1
015367,56,4,1877.59,1
015368,20,1,446.94000000000005,1
015370,40,7,2386.05,1
015372,136,1,2007.3999999999999,1
015373,7,12,2415.91,1
015374,128,1,168.0,1
015376,39,3,1233.3600000000001,1
015379,168,7,3703.29,1
015380,8,5,1690.2600000000002,1
015381,213,2,596.85,1
015382,14,6,5955.71,1
015384,169,2,642.41,1
015385,39,1,316.88,1
015386,185,1,394.14,1
015389,171,1,500.0,1
015392,4,4,1535.53,1
015393,15,2,231.86,1
015394,9,4,2183.54,1
015395,325,1,107.45,1
015396,112,1,288.18,1
015397,289,1,94.0,1
015398,15,2,1345.53,1
015399,0,3,815.77,1
015400,91,5,716.2,1
015402,148,2,626.77,1
015405,188,1,349.1,1
015406,30,2,510.71000000000004,1
015407,33,4,1056.44,0
015408,263,1,267.18,2
015410,83,8,3450.84,2
015411,25,4,1358.88,1
015412,170,1,190.53,1
015414,9,3,774.9000000000001,1
015415,312,1,572.8100000000001,1
015416,64,4,3984.32,1
015417,84,1,508.8,1
015419,24,1,135.86,1
015421,58,4,950.36,1
015422,322,2,97.7,1
015423,37,1,43.5,1
015424,253,2,383.34,1
015426,18,5,1447.39,1
015427,32,3,1483.14,1
015428,14,1,93.78,1
015429,26,2,397.35,1
015432,22,1,171.19,1
015433,213,2,533.3,1
015434,7,5,1041.48,1
015435,21,1,149.29,1
015436,11,3,1122.53,2
015437,261,1,200.16,1
015438,130,1,156.57999999999998,1
015440,54,3,383.68,1
015442,248,1,594.0,1
015443,1,7,3236.91,1
015444,8,2,1418.26,1
015445,263,1,113.5,1
015447,330,1,155.17,1
015448,312,1,494.64,1
015449,25,3,974.52,1
015450,29,1,429.84,1
015452,29,3,538.73,1
015453,1,7,1388.37,2
015454,361,1,179.1,0
015456,282,3,447.22,1
015457,261,1,237.07,1
015458,24,1,161.64,1
015460,353,1,216.76,1
015462,93,3,234.6,0
015463,28,1,126.14,1
015464,337,1,1048.85,1
015465,19,18,7354.62,1
015466,84,1,334.53,2
015467,8,3,524.88,1
015468,50,2,467.51,1
015469,49,2,538.55,1
015471,1,1,469.48,1
015472,112,1,371.56,1
015473,13,7,1771.2,1
015475,76,1,454.10999999999996,1
015478,39,2,1441.42,1
015482,15,12,11054.96,1
015483,160,4,233.81,1
015484,0,4,3594.31,1
015485,29,3,2575.0,1
015488,92,1,91.32000000000001,1
015489,22,3,1134.28,1
015491,94,6,3100.09,1
015492,27,2,659.4599999999999,1
015493,32,5,2001.8,1
015494,20,2,1299.23,1
015497,17,2,1262.2,1
015498,2,27,13316.4,1
015500,7,4,1131.56,1
015502,15,12,10384.93,1
015503,362,1,147.09,1
015504,80,1,52.83,1
015505,52,5,3610.96,1
015506,22,3,979.26,1
015507,171,1,492.36,2
015508,188,6,1000.27,1
015510,330,1,250.0,1
015511,11,5,909.23,1
015512,155,2,121.0,1
015513,32,19,14758.220000000001,1
015514,11,11,4139.46,1
015516,44,3,62.43,1
015517,232,1,267.03,1
015518,63,8,1942.45,1
015520,1,1,343.5,1
015521,39,8,3000.2,1
015522,32,2,398.84,1
015523,83,1,412.01000000000005,1
015524,24,1,440.0,1
015525,1,3,825.92,1
015526,32,2,148.44,1
015527,18,8,2429.78,1
015528,253,1,229.33,1
015529,22,11,3995.23,1
015530,21,4,1502.35,1
015531,7,2,2007.44,1
015532,24,4,1580.93,1
015533,18,3,807.57,1
015535,172,4,536.4,1
015537,162,1,110.92,1
015539,6,1,538.46,1
015540,10,1,213.3,1
015541,113,1,85.13000000000001,1
015543,287,1,127.86,1
015544,8,9,3546.71,1
015545,53,2,292.71999999999997,2
015547,6,14,4954.84,0
015549,76,3,1693.26,1
015550,3,4,575.63,1
015551,36,1,436.06,1
015552,216,1,90.12,1
015553,59,1,437.23,1
015554,277,1,217.2,1
015555,11,16,4805.17,1
015556,23,1,279.77,1
015557,28,1,473.65000000000003,1
015561,11,4,800.59,1
015562,351,1,134.55,1
015563,21,4,1400.44,1
015565,49,2,173.16,1
015567,18,1,186.01,1
015568,2,3,758.29,1
015569,103,5,1375.71,1
015570,6,12,4165.52,1
015571,11,4,650.4300000000001,1
015572,4,7,2552.86,2
015573,31,2,607.45,1
015574,177,4,702.25,1
015576,37,1,940.6700000000001,1
015577,150,3,258.88,1
015578,161,1,127.1,1
015579,68,2,348.6,0
015581,120,13,3679.9700000000003,1
015582,24,3,682.9100000000001,1
015584,23,4,725.11,1
015585,176,1,455.3,1
015587,49,4,913.6800000000001,1
015589,255,3,478.53000000000003,1
015592,46,1,388.58,1
015593,70,1,199.8,1
015594,15,5,1771.78,1
015596,100,5,1406.59,1
015597,34,1,324.57,1
015598,52,1,240.68,1
015599,26,2,761.74,1
015601,10,14,6776.56,0
015602,7,9,1297.8700000000001,1
015603,78,1,48.480000000000004,1
015604,51,1,216.39,1
015605,35,5,1198.23,1
015606,60,9,2920.16,1
015607,336,1,104.76,1
015608,27,4,1093.68,1
015609,183,1,298.48,1
015610,51,1,112.46000000000001,1
015611,9,13,1591.45,1
015612,35,2,195.15,1
015615,9,23,10399.74,1
015618,32,4,776.851,1
015619,10,1,336.40000000000003,1
015620,56,3,1553.18,1
015621,3,4,1293.03,1
015622,42,9,3709.56,1
015623,140,1,301.03,1
015624,116,4,588.13,1
015625,103,4,1534.26,1
015626,74,2,675.8,1
015628,4,9,2870.2400000000002,1
015630,44,2,1186.35,1
015632,15,8,3285.31,1
015634,16,1,243.55,1
015636,89,2,724.76,1
015637,52,1,223.36,1
015639,133,1,425.32,1
015640,3,15,12515.66,1
015641,104,4,1887.2,1
015643,191,3,664.0,1
015644,165,4,813.0,1
015645,18,1,612.01,1
015646,157,3,447.64000000000004,1
015648,203,2,657.35,1
015649,335,2,816.0,1
015651,36,3,646.3,1
015652,90,1,337.74,1
015653,92,2,877.4399999999999,1
015654,8,2,922.53,1
015655,242,1,560.67,0
015656,44,4,748.5,1
015657,22,1,30.0,1
015658,189,5,1024.1000000000001,1
015659,43,1,306.45,1
015660,24,9,1600.86,1
015661,316,2,309.8,1
015663,105,1,138.14,1
015664,50,1,386.43,1
015665,167,2,2242.01,1
015667,39,1,301.32,1
015668,217,1,76.32000000000001,1
015669,39,4,684.34,1
015670,296,1,173.05,1
015671,18,7,2657.13,1
015673,87,4,2881.02,2
015674,72,5,2446.6,1
015675,80,3,323.69,1
015676,18,3,3435.76,1
015677,48,1,657.23,1
015678,52,1,352.7,1
015679,23,4,781.28,1
015680,8,3,1333.68,1
015681,24,5,1426.16,2
015683,116,1,193.75,1
015687,8,9,2993.1,1
015689,119,2,254.1,1
015690,3,2,239.76,1
015691,251,1,136.8,1
015692,27,1,191.04,1
015694,0,14,6479.4,1
015695,266,2,409.98,1
015696,32,8,2736.46,0
015699,17,1,309.65,1
015700,171,2,696.68,1
015701,1,4,1542.14,1
015703,264,1,211.5,1
015704,139,4,2293.62,1
015705,200,1,143.1,1
015706,63,4,1060.56,1
015707,34,4,945.58,1
015708,40,7,3364.2400000000002,1
015709,283,1,133.25,1
015712,8,5,1072.3600000000001,1
015713,142,2,356.7,1
015714,11,2,330.88,1
015716,145,4,1118.81,1
015717,233,1,150.3,1
015719,32,13,5045.61,2
015720,23,1,598.73,1
015721,11,1,507.08,1
015722,35,5,2222.56,1
015723,364,1,203.1,1
015724,200,2,218.25,1
015725,14,1,415.25,1
015727,16,7,5178.96,1
015729,212,1,85.0,1
015730,65,3,1120.88,1
015732,211,2,294.12,1
015733,282,1,162.3,1
015734,114,2,1339.45,1
015737,14,8,1205.1200000000001,1
015738,18,16,4812.42,1
015739,65,1,449.12,1
015740,48,1,154.88,1
015743,15,4,784.46,1
015744,77,1,34.8,1
015745,18,4,1094.59,1
015746,133,1,196.88,1
015747,12,3,974.04,1
015748,39,1,149.31,1
015749,234,3,44534.3,1
015750,2,8,2465.48,1
015752,39,7,2637.38,1
015753,304,1,79.2,1
015754,50,3,458.57,1
015755,9,6,2364.25,1
015756,60,4,532.96,1
015757,65,2,714.42,1
015758,24,1,205.25,1
015759,217,3,253.04,1
015762,64,2,583.75,1
015763,31,2,1086.92,1
015764,87,6,3279.97,1
015766,63,1,315.06,1
015768,115,3,621.8299999999999,1
015769,6,26,56252.72,1
015773,5,1,635.6800000000001,1
015774,68,1,270.8,1
015775,244,1,104.9,1
015776,132,1,241.62,1
015777,240,4,1047.11,1
015780,183,3,475.28000000000003,1
015781,24,3,345.46,1
015782,9,3,2614.7400000000002,1
015783,10,1,246.3,1
015785,32,5,2328.9700000000003,1
015786,45,3,4932.2,2
015787,25,3,948.05,1
015789,357,1,351.3,1
015790,9,1,220.85,1
015791,43,2,1612.69,1
015793,14,3,965.61,1
015795,149,1,610.01,1
015796,0,8,2711.56,1
015797,112,4,2207.4,1
015799,75,3,884.14,1
015800,106,2,699.08,2
015801,45,3,1063.95,1
015802,142,1,451.42,1
015803,50,1,415.82000000000005,1
015804,0,13,4206.39,1
015805,22,17,5528.4800000000005,1
015806,45,3,784.58,1
015807,49,3,903.9,1
015808,305,4,3734.9700000000003,0
015809,35,5,515.77,1
015810,78,4,1391.98,1
015811,21,6,2218.62,1
015812,106,5,1801.14,1
015813,207,2,1303.9099999999999,1
015814,16,4,1945.33,1
015815,63,5,2100.6,1
015819,48,4,1905.45,1
015820,319,1,206.98,1
015821,43,2,570.96,1
015822,2,2,885.47,1
015823,371,1,15.0,1
015825,171,1,532.94,1
015826,55,3,1654.31,1
015827,72,14,1836.0900000000001,1
015829,98,2,636.14,1
015830,37,1,576.0,1
015831,57,3,801.76,1
015832,253,1,836.79,1
015834,69,4,2233.75,1
015835,43,4,954.09,1
015836,49,1,137.37,1
015837,64,1,391.98,1
015838,10,19,33643.08,1
015839,32,3,1048.49,1
015840,58,2,355.56,1
015841,72,4,1224.06,1
015843,303,1,118.95000000000002,1
015844,45,1,130.73999999999998,1
015845,17,8,3711.77,0
015847,37,2,389.27,1
015850,18,2,238.85,1
015852,186,2,160.71,1
015853,51,1,110.8,1
015854,3,12,2974.65,1
015855,136,5,712.24,1
015856,3,27,16387.57,1
015857,18,1,297.0,1
015858,15,5,1438.85,1
015860,40,8,977.21,1
015861,11,8,3165.36,1
015862,7,4,832.88,1
015863,25,2,68.84,1
015864,21,6,1936.3200000000002,1
015865,40,3,895.13,1
015866,100,1,230.53,1
015867,4,15,3812.64,0
015869,276,2,149.64,1
015870,32,1,354.09000000000003,1
015872,14,2,360.93,1
015874,63,7,4405.88,1
015877,1,2,493.28,1
015880,368,1,343.28000000000003,1
015881,311,5,501.39000000000004,1
015882,198,4,516.36,1
015883,1,2,396.48,1
015885,92,3,379.35,1
015886,59,1,181.09,1
015888,80,1,168.31,1
015889,156,2,446.87,1
015891,226,1,524.52,1
015894,252,2,263.55,1
015895,149,1,179.17,1
015897,193,2,222.05,1
015898,0,5,1388.88,1
015899,368,1,56.25,1
015900,23,1,351.11,1
015901,16,3,363.88,1
015903,9,7,5126.76,1
015904,7,1,164.68,1
015906,19,7,1567.69,1
015907,3,3,967.45,1
015909,173,1,191.94,1
015910,0,8,1232.18,1
015912,177,2,264.62,1
015916,15,8,1528.09,1
015917,247,1,123.1,1
015918,190,2,334.23,1
015919,19,2,639.89,1
015920,153,4,167.5,1
015921,172,1,336.03000000000003,1
015922,372,1,369.5,1
015923,372,1,127.08,1
015925,193,1,207.15,1
015930,66,1,426.63,1
015932,3,8,2495.87,1
015933,20,3,1107.46,1
015935,238,2,416.86,1
015937,63,1,145.35,1
015938,111,5,404.58,1
015939,89,15,6115.01,1
015940,310,1,35.8,1
015942,133,1,337.44,1
015944,276,1,325.1,1
015945,364,1,181.0,1
015947,82,1,1708.24,1
015948,7,2,955.24,1
015949,16,2,364.72,1
015950,31,4,1765.51,1
015951,8,2,708.22,1
015952,33,4,806.57,1
015953,14,8,1659.3799999999999,0
015955,23,14,4416.26,1
015957,31,1,428.89,1
015958,73,1,104.35,1
015963,19,2,470.76,1
015965,16,4,845.64,1
015967,22,2,418.83,1
015969,2,3,666.1,1
015970,303,1,314.1,1
015971,16,12,4199.85,1
015973,366,1,307.82000000000005,1
015974,38,7,3442.15,1
015975,83,1,371.01,1
015976,164,2,430.94,1
015977,16,2,1054.73,1
015978,76,1,1098.78,1
015980,88,3,2398.86,1
015981,24,8,3408.48,1
015983,21,4,1475.02,1
015984,2,10,2837.67,1
015985,122,2,1142.42,2
015986,29,1,168.12,1
015987,11,7,1451.28,1
015988,18,1,158.03,1
015990,43,2,792.11,1
015992,3,1,41.989999999999995,1
015993,8,7,2797.57,1
015994,54,1,427.07,1
015996,87,6,1060.68,1
015998,36,5,3089.97,1
016000,2,3,12393.7,1
016003,29,5,2735.37,1
016005,11,4,615.39,1
016006,210,1,101.4,1
016007,47,4,1701.94,1
016008,23,3,478.78,1
016009,21,4,992.71,1
016010,245,3,407.5,1
016011,7,16,3362.71,0
016012,34,3,1415.29,1
016013,3,47,37130.6,1
016014,37,3,662.38,1
016015,3,3,705.39,1
016016,2,8,1508.76,1
016017,46,1,211.88,1
016018,38,2,408.90000000000003,1
016019,46,9,3786.2400000000002,1
016020,16,3,851.01,1
016022,259,1,628.28,1
016023,45,3,719.81,1
016024,11,1,251.24,1
016025,29,1,439.65999999999997,1
016026,42,1,236.09,2
016027,91,6,934.62,1
016029,38,63,81024.84,1
016030,309,1,331.24,1
016031,91,2,548.94,1
016033,5,20,8816.4,0
016034,195,3,437.7,1
016036,86,2,758.92,1
016037,269,3,855.02,1
016038,7,3,471.78000000000003,1
016040,64,3,1313.55,1
016041,30,3,3166.4,1
016042,21,5,1197.27,1
016043,36,4,773.99,1
016045,119,4,1340.7,1
016048,372,2,256.44,1
016049,39,3,1111.79,1
016050,173,1,137.9,1
016052,53,1,362.06,1
016053,32,2,1511.95,1
016054,144,1,783.9,1
016055,220,1,134.8,1
016056,44,1,664.85,1
016057,15,7,2263.12,1
016059,65,6,1459.8600000000001,2
016062,9,4,1153.62,1
016063,259,1,335.32,1
016065,364,1,372.09,2
016066,16,5,1521.87,1
016070,21,2,852.15,1
016071,44,1,326.24,1
016072,287,1,584.3199999999999,1
016073,296,1,122.39999999999999,1
016076,2,10,2234.73,1
016078,283,1,79.2,1
016079,16,3,1352.0,1
016080,81,2,217.16,1
016081,55,5,2806.9,1
016083,100,2,1317.62,1
016084,298,1,436.18,1
016085,22,5,981.51,1
016086,58,5,1121.39,1
016091,154,2,315.06,1
016092,114,3,817.86,1
016093,106,1,17.0,1
016094,11,4,1078.23,1
016096,263,1,320.62,1
016097,239,1,185.04999999999998,1
016098,87,7,2005.63,1
016099,49,3,731.9,1
016101,70,1,1290.7,1
016102,41,3,1842.14,1
016103,6,6,1429.64,1
016104,61,1,302.36,1
016105,248,1,336.96,1
016106,65,1,108.38,1
016107,17,7,3204.1600000000003,1
016108,84,1,842.5,1
016109,218,2,611.88,1
016110,44,3,1337.48,2
016112,142,4,195.73999999999998,1
016113,182,1,161.38,1
016114,170,1,135.75000000000003,1
016115,9,8,1667.97,0
016116,211,1,612.78,1
016117,189,1,232.21,1
016119,7,2,423.36,1
016120,58,4,1309.14,1
016121,56,2,867.11,2
016122,72,4,684.4200000000001,1
016123,51,1,307.78,1
016124,316,1,249.0,1
016125,366,1,289.35,1
016126,28,4,6287.77,1
016127,38,1,656.25,1
016128,17,5,1880.22,1
016131,51,6,3506.54,1
016133,3,33,14589.04,0
016134,21,2,618.09,1
016135,262,1,517.55,1
016136,59,3,709.38,1
016139,18,3,635.41,1
016140,65,2,725.18,1
016141,87,1,620.4,1
016142,249,1,535.34,1
016143,2,6,2424.94,1
016144,246,1,175.2,1
016145,8,11,3799.4900000000002,1
016146,156,3,734.13,0
016147,133,1,375.0,1
016148,295,1,76.32000000000001,1
016149,4,2,280.52,1
016150,42,5,2053.02,0
016152,268,1,1829.04,1
016153,49,5,1824.23,1
016156,8,9,3122.04,1
016157,15,3,656.69,1
016159,281,1,348.2,1
016160,64,2,1025.44,1
016161,1,19,5575.56,1
016162,251,1,37.4,1
016163,231,2,856.6,1
016164,16,3,822.48,1
016168,10,27,3787.6,0
016169,7,4,1822.97,1
016170,50,6,1885.05,1
016171,58,1,73.2,1
016172,94,5,1140.21,1
016173,15,6,1418.32,1
016174,125,3,1009.5500000000001,1
016175,93,4,1037.59,1
016177,49,1,331.95,1
016178,137,1,197.9,1
016179,60,1,215.83,1
016180,99,8,10254.18,2
016181,72,1,305.54,1
016182,71,4,6617.65,1
016183,66,1,338.71000000000004,1
016184,63,6,1158.79,1
016185,16,2,529.41,1
016186,22,12,4006.94,1
016187,31,15,6911.4400000000005,1
016188,44,4,981.86,1
016189,15,2,215.48,1
016190,39,1,215.08,1
016191,2,13,5180.52,1
016193,236,1,314.45,1
016198,74,1,400.68100000000004,1
016200,3,2,1080.6200000000001,1
016201,2,4,1863.47,1
016202,360,1,365.27,1
016203,58,4,592.9,1
016204,22,1,405.71,1
016205,30,4,761.38,1
016206,54,4,537.0600000000001,1
016207,24,1,394.38,1
016208,44,2,664.26,1
016209,88,5,2262.62,1
016210,1,18,21086.3,1
016211,88,1,547.02,1
016212,18,2,690.34,1
016213,78,1,159.0,1
016214,170,3,1062.75,1
016215,80,1,242.35,1
016216,266,1,914.9300000000001,1
016217,234,2,304.25,1
016218,29,7,3084.68,1
016221,36,3,864.86,1
016222,317,1,846.72,0
016224,56,4,1295.3,1
016225,44,5,1096.32,1
016226,202,3,255.12,1
016227,224,1,314.22,1
016229,86,2,1010.6,1
016230,189,2,542.03,1
016232,43,4,990.88,1
016233,70,3,536.6800000000001,1
016235,40,5,867.31,1
016236,77,1,432.2,1
016239,56,2,414.2,1
016240,23,2,3718.8,1
016241,9,13,2607.87,1
016242,7,7,3603.21,1
016243,33,2,409.1,1
016244,211,2,1522.75,1
016245,23,3,1413.66,1
016247,169,1,114.56,1
016248,61,1,152.94,1
016249,52,5,1800.07,1
016250,260,2,389.44,1
016253,66,2,3683.86,1
016255,16,8,2619.91,1
016256,266,1,752.4300000000001,1
016257,176,1,46.95,1
016258,44,5,5203.51,1
016260,50,1,1035.45,1
016261,16,4,746.83,1
016265,8,9,5447.0,1
016266,73,7,861.89,1
016268,70,2,667.65,1
016270,352,1,1141.24,1
016271,2,5,1429.24,1
016272,116,1,411.7,1
016274,372,1,357.95,1
016275,196,1,559.87,1
016276,176,1,810.6000000000001,1
016278,99,1,566.38,1
016279,20,3,1509.58,1
016281,71,1,2062.06,1
016282,339,1,168.3,1
016283,5,5,1570.81,1
016284,30,2,823.97,1
016287,169,1,142.5,1
016292,121,1,302.25,1
016293,21,10,2248.9900000000002,1
016295,9,4,1328.55,1
016297,268,1,301.9,1
016298,22,3,598.2,1
016302,126,1,233.22,1
016303,25,3,5360.63,1
016305,138,1,361.21999999999997,1
016306,213,6,632.27,1
016308,37,4,2560.0,1
016309,105,2,706.57,1
016311,17,2,616.26,1
016313,2,2,274.15000000000003,1
016315,330,1,226.37,1
016316,63,8,2938.91,1
016317,119,3,1341.65,1
016318,34,1,328.15,1
016319,217,1,404.40000000000003,1
016322,0,2,326.75,1
016323,195,1,207.50000000000003,1
016324,127,3,428.68,1
016325,46,3,594.24,1
016326,5,14,3110.96,1
016327,13,6,3844.22,0
016330,17,3,251.91,1
016332,27,7,1593.2,0
016333,7,22,26626.8,1
016337,36,1,151.05,1
016338,156,1,214.79999999999998,1
016339,283,1,109.95,1
016340,106,1,549.07,2
016341,24,4,1971.87,1
016342,74,4,322.41,1
016343,15,2,370.47999999999996,1
016344,157,1,101.10000000000001,1
016345,43,1,575.41,1
016347,10,2,887.65,1
016348,31,7,1469.45,1
016349,290,1,53.5,1
016350,20,4,1116.47,1
016351,332,1,153.9,1
016352,17,2,494.44,2
016353,3,23,6675.71,1
016354,62,2,395.8,1
016356,197,3,211.77,1
016357,32,3,658.88,1
016358,0,4,2027.5,1
016359,6,9,1750.92,2
016360,4,6,3512.53,1
016361,9,4,896.66,1
016362,31,5,734.77,1
016363,52,1,109.36000000000001,1
016364,11,2,707.04,1
016365,17,9,1540.42,1
016366,18,1,327.3,1
016367,36,2,804.49,1
016368,1,2,497.43,1
016369,17,3,1553.66,1
016370,81,4,1320.56,1
016372,32,2,367.93,1
016374,65,2,473.03000000000003,1
016376,8,2,987.01,1
016377,266,1,676.2,1
016378,246,3,362.95,1
016379,3,4,2157.4,2
016380,60,1,1780.59,1
016383,74,2,668.36,1
016384,89,2,584.5,1
016385,59,3,555.89,2
016386,28,2,317.2,1
016387,322,1,94.36,1
016389,52,4,1382.07,1
016392,269,1,221.19,1
016393,1,13,3046.21,1
016394,56,5,1555.34,1
016395,59,5,1486.9,1
016398,153,2,1705.8,1
016399,18,2,408.57,1
016400,94,1,303.93,1
016401,0,12,4098.32,1
016402,264,2,299.6,1
016403,311,1,177.5,1
016404,69,1,443.05,1
016405,301,2,167.25,1
016406,18,1,163.07,1
016407,12,10,2126.93,0
016409,35,5,2028.88,0
016411,18,2,214.65,1
016412,53,1,151.83,1
016413,56,1,262.2,1
016414,21,2,126.25,1
016415,43,1,210.35,1
016416,25,3,1051.4,1
016418,44,3,675.27,1
016419,112,6,972.23,1
016422,16,51,34684.4,1
016423,24,1,346.12,1
016424,190,1,133.56,1
016425,301,1,302.7,1
016426,1,10,1908.25,1
016427,262,2,241.06,1
016429,105,1,284.55,1
016430,56,1,300.85,1
016431,212,3,642.81,1
016432,63,1,287.4,1
016433,27,1,184.26,1
016434,28,7,1522.25,0
016438,5,5,798.35,1
016440,7,5,3640.67,1
016441,66,2,381.2,1
016442,1,3,616.79,1
016444,45,4,654.67,1
016445,33,1,230.51,1
016446,0,2,168472.5,1
016447,135,1,259.01,1
016448,197,1,188.89000000000001,1
016449,197,2,707.69,1
016450,149,1,311.92,1
016451,87,1,266.97,1
016454,44,2,6.9,1
016455,63,7,1841.18,1
016456,98,5,2158.37,1
016457,217,1,208.36,1
016458,2,18,3482.7400000000002,1
016460,27,3,814.72,1
016461,177,1,151.42,1
016462,73,3,136.0,1
016463,20,4,1422.4,1
016464,19,3,1314.68,1
016466,33,7,1603.46,1
016468,73,1,74.9,1
016469,23,4,650.43,2
016470,51,4,762.39,1
016471,274,1,223.95000000000002,1
016473,164,3,316.11,1
016474,6,7,1871.5,1
016475,87,4,544.3,1
016477,63,7,2494.46,1
016478,24,3,331.0,1
016479,9,2,300.83,1
016480,75,1,769.29,1
016482,15,1,220.62,1
016483,191,1,139.35,1
016484,173,2,404.3,1
016485,76,1,363.65,1
016488,32,3,498.8,1
016491,46,1,731.5,1
016493,79,4,1351.63,1
016494,296,1,826.53,1
016495,2,3,684.41,1
016496,8,3,1599.52,1
016497,49,6,2965.69,1
016498,160,2,100.97,1
016499,359,2,365.45,1
016500,4,6,400.86,1
016503,106,4,1431.93,1
016504,24,1,484.38,1
016505,31,1,777.6,1
016506,19,2,90.30000000000001,1
016509,296,1,363.7,1
016510,371,1,248.1,1
016511,21,3,950.26,1
016513,4,4,874.59,1
016515,51,5,1627.13,1
016516,29,1,101.69999999999999,1
016517,276,1,162.7,1
016518,60,2,484.32,1
016519,24,2,215.07999999999998,1
016520,185,3,1046.57,2
016523,1,21,9418.470000000001,1
016525,1,26,13027.45,1
016526,171,1,290.36,1
016527,80,1,228.06,1
016528,3,1,244.41,1
016529,189,1,455.25,1
016531,21,7,1244.59,1
016532,17,3,6748.8,1
016533,18,3,1095.56,1
016535,4,1,593.75,1
016536,109,1,548.97,1
016539,2,4,1388.81,1
016542,53,1,119.62,1
016545,164,1,339.3,1
016546,290,2,787.15,1
016549,9,10,4154.64,1
016550,108,5,2298.97,0
016551,95,3,922.12,1
016552,242,2,379.73,1
016553,162,12,5719.82,1
016554,41,3,837.1,1
016555,34,2,285.89,1
016556,66,7,3313.79,1
016557,23,2,281.85,1
016558,0,20,8338.49,1
016560,26,2,841.41,1
016561,5,2,511.12,1
016563,53,1,1077.74,1
016565,363,1,173.7,1
016566,14,5,614.66,1
016567,193,2,865.6,1
016569,2,1,124.2,1
016570,14,10,3738.4,1
016571,26,3,1421.69,1
016572,126,3,1009.6,1
016573,84,2,663.61,1
016574,70,1,451.44,1
016581,182,1,105.84,1
016582,112,1,313.62,1
016583,373,1,233.45,1
016584,79,2,936.08,1
016586,248,1,463.95,1
016587,231,1,225.15,1
016589,70,3,459.24,1
016591,68,1,213.5,1
016592,3,16,4113.68,1
016593,50,3,330.03,1
016594,74,1,181.09,1
016595,60,1,360.16,1
016596,15,2,250.15,1
016597,3,1,90.04,1
016598,285,1,145.04999999999998,1
016600,3,6,813.52,1
016601,40,1,244.79999999999998,1
016602,35,1,528.08,1
016603,74,2,482.47,1
016607,17,14,3347.71,1
016609,14,7,5493.46,1
016610,218,1,75.66,1
016611,185,1,129.49,1
016612,32,4,1187.66,1
016613,69,1,618.59,1
016614,182,1,506.19,1
016616,14,2,500.42,1
016617,235,1,151.85,1
016618,30,5,2647.59,0
016619,263,1,226.21,1
016620,3,2,178.96,1
016621,51,4,813.48,1
016623,245,1,129.45,1
016624,80,2,810.5699999999999,1
016625,273,1,333.08,1
016626,0,17,4413.1,0
016627,78,1,322.8,1
016628,29,5,2188.05,1
016629,73,2,417.73,1
016633,16,6,2883.1,1
016634,222,2,217.9,1
016637,31,4,1154.47,1
016638,22,10,1680.72,1
016639,30,3,1257.51,1
016641,105,1,231.10000000000002,1
016642,4,2,688.33,1
016643,245,1,487.51,1
016644,177,2,833.78,2
016647,169,2,214.06,1
016648,42,1,290.65999999999997,1
016650,71,1,518.42,1
016652,58,7,6773.97,1
016653,15,2,1212.66,0
016654,140,4,601.27,1
016655,17,6,3794.52,1
016656,21,15,8625.8,1
016657,9,4,933.62,1
016658,367,1,123.24,1
016659,188,1,39.12,1
016660,15,4,1267.6499999999999,1
016665,361,1,135.39999999999998,1
016666,18,1,118.98,1
016667,67,2,570.13,1
016668,14,6,306.71999999999997,1
016669,23,3,1374.8700000000001,1
016670,16,11,4095.9,1
016671,27,3,1692.27,1
016672,1,20,8134.9400000000005,1
016674,54,2,319.61,2
016676,33,4,1592.1200000000001,1
016678,2,12,3109.99,1
016679,365,1,129.75,1
016680,42,1,183.7,1
016681,72,6,1770.34,1
016682,4,5,1028.0,1
016684,3,28,66653.56,1
016685,60,2,324.24,1
016686,46,7,3062.83,1
016688,0,4,1260.86,1
016689,75,2,422.59999999999997,1
016690,71,2,225.57999999999998,1
016692,255,2,1276.0,1
016693,68,2,482.01,1
016696,134,4,657.9000000000001,1
016697,240,1,112.75,1
016698,226,2,1998.0,1
016700,8,13,5076.55,2
016701,8,13,5398.3,1
016705,0,20,14034.99,1
016706,36,3,531.35,1
016708,45,1,656.63,1
016709,84,5,3029.87,1
016710,18,10,2483.04,1
016711,2,5,1651.03,1
016712,8,11,3645.43,1
016713,18,15,6923.13,2
016714,218,3,1161.53,1
016715,77,1,301.71999999999997,1
016716,266,2,901.2,1
016717,23,6,3858.38,1
016718,368,1,623.75,2
016719,14,7,1790.42,1
016720,25,1,155.24,1
016721,261,1,292.47,2
016722,16,13,4730.81,1
016723,90,2,589.15,1
016725,301,7,781.02,1
016726,25,5,1382.02,2
016727,363,1,272.82,1
016728,45,4,1054.67,1
016729,37,21,7239.92,1
016730,51,3,743.11,1
016732,31,1,603.75,1
016734,51,3,650.51,1
016735,78,5,2300.56,1
016737,52,1,417.59999999999997,1
016738,297,1,3.75,1
016739,176,1,323.0,1
016742,46,1,464.9,1
016743,28,7,2238.09,1
016744,10,7,1304.76,1
016745,86,17,7194.3,0
016746,4,18,6697.66,1
016747,37,2,836.06,1
016748,17,5,1515.9,1
016750,44,5,623.93,1
016751,30,1,1764.72,1
016752,372,1,207.5,1
016753,57,1,223.92000000000002,1
016754,371,1,2002.4,1
016755,113,3,1496.83,1
016756,214,1,239.4,1
016757,318,1,106.83000000000001,1
016758,64,1,369.34000000000003,1
016759,7,3,789.79,1
016761,96,1,316.62,1
016762,19,3,1501.38,1
016763,198,1,611.85,1
016764,3,13,2799.25,1
016765,293,1,34.0,1
016766,272,2,1145.6,1
016767,30,11,5580.6,1
016768,47,3,478.09000000000003,2
016769,259,1,380.39,0
016770,57,5,770.1,1
016771,32,5,2246.81,1
016773,56,1,171.59,1
016774,67,4,661.52,1
016775,9,11,1695.66,1
016776,59,1,388.28,1
016777,79,2,226.35,1
016778,73,2,245.94,1
016779,1,22,10629.720000000001,1
016780,99,2,425.19,1
016781,371,1,311.25,1
016782,9,13,2279.9,1
016784,19,1,107.6,1
016788,122,2,597.48,0
016789,7,1,80.8,1
016790,3,6,1545.6200000000001,1
016791,28,7,1721.78,1
016792,281,2,110.38000000000001,1
016793,56,1,243.84,1
016794,0,10,1222.71,1
016795,364,1,414.88,1
016796,88,1,305.62,1
016800,10,1,1201.49,1
016801,162,4,1619.73,1
016803,64,1,332.3,1
016804,22,3,536.99,1
016805,173,2,460.59,1
016806,102,4,801.49,1
016807,142,3,1121.59,1
016808,98,2,288.42,1
016809,22,5,914.69,1
016810,191,1,309.54,1
016811,4,2,547.07,1
016812,360,1,479.35,1
016813,7,10,1692.98,1
016814,13,21,6509.1,2
016816,102,4,417.06,1
016817,2,9,1604.75,1
016818,10,11,3349.57,1
016820,95,1,497.61,1
016823,226,1,358.38,1
016824,15,2,460.64,1
016825,38,2,775.1800000000001,1
016826,50,1,341.7,1
016828,92,2,128.5,1
016829,156,1,197.22,1
016830,38,1,325.91,1
016832,183,3,199.15,1
016833,0,4,1106.53,1
016834,227,1,413.46,1
016835,127,2,180.85,1
016836,39,2,251.87,1
016837,30,11,3170.98,0
016838,196,2,588.85,1
016839,8,34,16594.35,1
016841,36,6,1869.82,1
016842,100,3,1264.19,1
016843,42,16,10196.57,1
016846,49,1,214.32,1
016847,42,1,193.44,1
016848,52,1,281.42,1
016849,186,1,124.57,1
016850,333,1,332.41,1
016851,3,3,342.45,1
016852,9,2,144.91000000000003,1
016855,23,2,328.4,1
016856,14,1,35.400000000000006,1
016858,368,1,375.69000000000005,1
016859,144,2,747.81,1
016861,59,2,173.76,1
016863,30,2,502.8,1
016866,140,3,207.73999999999998,1
016869,22,4,825.42,1
016871,21,6,2812.34,1
016872,76,3,680.02,1
016873,4,6,7123.62,1
016875,66,5,2095.53,1
016877,11,6,853.72,2
016878,83,1,13.3,1
016880,30,7,1519.08,1
016881,66,1,432.0,1
016882,66,3,705.12,1
016883,186,2,276.73,1
016884,37,2,429.84000000000003,1
016885,14,3,471.51,1
016887,34,1,194.88,1
016889,194,3,1578.67,1
016891,1,5,809.7,1
016892,0,5,525.54,1
016893,366,1,145.93,1
016895,64,1,219.14,1
016897,298,2,289.78,1
016898,25,3,508.81,1
016899,7,6,1281.56,1
016900,16,3,887.11,1
016902,115,1,1706.88,1
016903,28,1,373.24,1
016904,3,16,3754.27,1
016905,4,7,3102.43,1
016906,81,4,579.77,1
016907,28,5,981.65,1
016909,71,1,379.14,1
016910,3,8,1510.06,1
016912,28,11,2575.38,1
016913,289,1,113.44,1
016914,35,1,208.46,1
016915,8,6,621.6800000000001,1
016916,23,2,576.26,1
016917,276,1,391.52,1
016918,48,6,1068.82,1
016919,155,11,2596.45,1
016921,60,1,169.79,1
016923,11,19,7247.61,1
016924,20,3,846.75,1
016926,370,1,230.25,1
016927,115,3,543.05,1
016928,79,17,2847.6,0
016929,3,7,1295.39,1
016930,25,3,380.55,1
016931,4,21,4604.22,1
016932,52,1,161.94,1
016933,0,2,563.23,1
016934,54,2,950.9300000000001,1
016936,25,1,262.68,1
016938,8,4,2736.38,0
016940,51,3,3049.88,0
016942,12,9,1920.59,1
016943,211,3,816.73,1
016945,21,19,4345.5,1
016947,235,1,406.48,1
016948,138,3,435.02,1
016949,3,6,1286.27,1
016950,56,4,1178.56,1
016951,134,3,1277.75,1
016952,108,2,167.61,1
016953,29,1,20.8,1
016954,0,9,2085.08,1
016955,184,4,518.67,1
016956,17,1,308.74,1
016957,238,2,416.64,1
016959,86,1,117.35000000000001,1
016960,38,3,507.05,1
016961,115,1,234.17,1
016963,186,1,110.55000000000001,1
016965,226,1,201.19,1
016966,7,7,2154.97,1
016967,188,1,319.02,1
016968,3,2,439.43,1
016969,38,3,650.41,1
016971,37,1,357.21,1
016976,266,1,251.51999999999998,1
016978,76,1,344.33,1
016979,3,6,1852.0,1
016980,254,2,1078.96,1
016982,60,1,384.06,1
016983,12,7,1931.25,1
016984,87,2,4481.35,1
016985,16,10,5464.12,0
016986,29,2,1873.2,1
016987,2,7,1625.05,1
016988,4,1,126.12,1
016989,6,6,1133.25,2
016990,218,1,179.0,1
016992,10,5,1614.31,1
016996,29,6,1456.96,1
016997,287,3,702.0,1
016998,149,4,295.0,1
016999,22,2,484.82,1
017001,0,11,3989.57,0
017002,85,3,1493.73,1
017004,45,2,1412.94,1
017006,4,4,781.78,1
017007,50,6,889.9300000000001,1
017010,17,1,195.36,1
017011,29,1,270.9,1
017014,7,3,586.33,1
017015,28,3,1842.56,2
017017,2,20,8694.26,1
017018,40,2,920.1,1
017019,10,4,1272.61,1
017022,30,1,71.0,1
017024,44,3,95.85,1
017025,60,3,357.77,1
017026,184,2,154.82999999999998,1
017027,78,6,890.29,1
017029,110,2,716.0,1
017030,63,1,146.87,1
017031,11,2,380.35,1
017033,85,3,1030.14,1
017034,15,3,745.52,1
017035,245,2,433.53000000000003,1
017037,87,1,1267.32,1
017038,29,1,112.4,1
017040,137,1,449.73,1
017041,26,3,1081.57,1
017042,2,5,1044.3799999999999,1
017043,31,4,1735.18,1
017044,24,1,948.48,1
017045,112,3,339.44,1
017046,156,1,642.02,1
017047,84,3,1100.9,1
017048,117,3,925.35,1
017049,2,9,5659.9800000000005,1
017050,95,6,3228.84,1
017051,193,1,247.14000000000001,1
017052,27,1,413.75,1
017053,130,1,498.48,1
017054,27,5,1356.33,1
017058,81,3,1179.89,1
017059,29,5,3095.04,1
017060,265,1,234.24,1
017061,73,11,5232.2300000000005,0
017062,313,4,538.37,1
017063,20,7,1461.14,1
017064,58,3,859.35,1
017068,11,21,4552.14,1
017069,27,9,2709.7000000000003,1
017070,113,1,312.14,1
017071,27,9,2429.03,1
017073,17,4,1446.09,1
017075,17,4,834.12,1
017076,35,3,841.0799999999999,1
017078,35,2,378.2,1
017079,77,1,118.80000000000001,1
017080,21,2,287.62,1
017081,24,2,290.16,1
017082,32,2,2003.85,1
017083,108,3,1405.78,1
017084,34,2,2949.75,1
017085,122,5,1566.65,1
017086,6,6,2050.08,1
017088,27,4,1991.01,1
017090,3,7,2043.95,1
017091,2,9,3827.76,1
017092,49,4,1777.78,1
017094,321,1,302.0,1
017095,22,3,1324.16,1
017096,14,4,1022.13,1
017100,17,2,971.74,1
017101,9,4,1621.73,2
017102,261,1,25.5,1
017105,158,2,665.78,1
017107,32,6,10815.43,1
017109,28,6,885.04,1
017110,164,1,163.29999999999998,1
017111,46,1,248.61,1
017114,5,8,808.62,1
017115,7,3,837.5,1
017117,287,1,116.19999999999999,1
017118,317,1,157.02,1
017119,2,2,606.91,1
017120,232,1,307.46,1
017122,118,1,138.32,1
017123,161,1,345.29999999999995,1
017124,184,1,298.89,1
017125,49,1,259.35,1
017126,151,5,1004.75,2
017128,334,1,157.09,1
017131,4,5,2463.17,1
017133,15,7,4892.240000000001,1
017134,106,2,425.0,1
017135,15,7,1139.73,1
017138,275,1,380.5,1
017139,15,12,10668.47,2
017140,246,1,465.32,1
017142,238,1,579.0,1
017144,0,2,984.57,1
017146,105,3,749.78,0
017147,22,4,1714.59,1
017148,51,1,124.88,1
017152,194,3,1689.5,1
017153,23,1,213.78,1
017154,74,1,329.34,1
017155,17,2,251.70000000000002,1
017157,7,2,319.0,1
017158,31,3,1266.97,0
017159,21,3,1538.88,1
017160,30,6,3518.03,1
017162,28,10,1715.46,1
017163,21,2,293.1,1
017164,32,7,2467.35,1
017165,283,1,158.68,1
017166,38,2,206.34,1
017169,57,2,835.78,1
017171,288,1,224.91,1
017172,78,1,317.76,1
017173,4,8,3766.6,1
017174,217,1,59.9,1
017175,43,4,1443.69,1
017176,201,1,306.13,1
017179,177,3,711.79,1
017180,55,4,796.03,1
017181,56,2,239.92000000000002,1
017183,7,6,3347.31,1
017186,46,2,144.0,1
017187,226,1,203.95,1
017188,10,7,2474.23,1
017189,105,2,384.40000000000003,1
017190,58,2,444.74,1
017191,27,7,2095.13,1
017193,35,7,1699.3000000000002,1
017194,273,2,262.62,1
017197,29,1,1013.01,1
017198,23,3,692.22,1
017201,53,1,342.63,1
017203,35,6,3563.85,1
017204,174,4,1564.56,1
017205,53,1,384.08,1
017206,52,1,204.24,1
017211,26,8,2317.2200000000003,1
017212,252,1,226.85,1
017213,39,7,2781.23,1
017214,59,6,1069.1200000000001,1
017217,233,1,113.5,1
017218,3,10,1960.72,1
017219,31,1,114.23,1
017220,23,14,3198.25,1
017221,6,2,335.13,1
017222,64,1,354.15,1
017223,309,2,426.79,1
017226,308,1,393.49,1
017227,18,6,939.32,1
017228,15,8,1906.09,1
017229,95,2,318.76,1
017230,263,8,3638.41,1
017231,11,10,3174.32,1
017232,2,2,421.52,1
017233,34,1,190.88,1
017234,182,1,149.89000000000001,1
017235,24,2,550.06,1
017236,12,6,916.13,2
017237,10,2,314.69,1
017238,2,17,3744.65,1
017239,312,1,382.5,1
017242,107,2,1135.04,1
017243,0,26,8676.85,1
017244,52,1,954.9,1
017245,204,1,171.45,1
017247,14,1,282.19,1
017248,119,1,318.65,1
017250,3,2,384.52,1
017251,362,1,283.28000000000003,1
017252,116,2,353.86,1
017253,17,1,178.26,1
017254,4,2,272.44,1
017255,40,2,298.41,2
017256,106,2,240.0,1
017259,147,2,603.37,1
017262,51,5,1253.3600000000001,1
017263,207,1,63.440000000000005,0
017265,138,2,562.9,1
017266,1,3,310.64,1
017267,126,2,317.62,1
017268,107,4,763.64,1
017272,41,4,2148.63,1
017274,34,1,111.97999999999999,1
017277,227,2,1065.3500000000001,1
017278,240,1,246.04,1
017279,57,1,187.82999999999998,1
017282,129,3,1703.41,1
017284,59,6,1652.58,2
017286,21,1,153.92,1
017287,25,7,1064.11,1
017288,8,7,1419.73,1
017289,31,3,944.41,1
017290,3,2,525.24,1
017291,307,1,550.8000000000001,1
017293,7,9,1875.1100000000001,0
017295,28,3,556.95,1
017297,16,1,131.78,2
017298,100,2,498.42,1
017299,11,4,669.11,1
017301,20,1,197.63,1
017302,14,5,1135.63,1
017303,360,1,250.04,1
017306,10,19,8631.31,1
017309,94,1,82.75,1
017311,77,2,1384.85,1
017312,138,3,644.3,1
017313,30,1,2328.84,1
017314,24,8,2527.92,1
017315,1,38,6292.26,2
017317,45,3,2600.34,1
017320,99,3,1200.6200000000001,1
017321,7,2,700.86,1
017323,14,7,921.07,1
017324,17,4,990.23,1
017325,279,1,96.8,1
017329,13,2,523.11,1
017330,22,2,363.9,1
017331,123,1,175.2,1
017333,85,1,494.25,1
017334,301,2,307.02,1
017337,150,4,2027.8700000000001,1
017338,16,8,6643.93,1
017339,93,2,243.36,1
017340,29,11,12353.29,1
017341,156,3,781.36,1
017343,354,1,193.64,1
017344,45,1,160.57,1
017345,14,4,537.74,1
017346,3,15,2676.56,1
017347,85,1,228.96,1
017348,14,5,1159.52,1
017349,178,1,110.75,1
017350,7,4,1286.07,1
017351,35,3,587.15,1
017353,128,2,1740.0,1
017354,50,1,1393.06,1
017356,311,1,178.22,1
017357,23,2,388.14,1
017358,302,2,365.85,1
017359,10,1,127.86,1
017360,16,3,585.79,1
017361,48,3,488.2,1
017362,238,2,312.23,1
017364,0,11,4481.18,0
017365,12,8,4801.56,1
017367,237,1,168.4,1
017368,22,8,1912.67,1
017370,72,4,446.18,1
017371,16,3,423.89,1
017372,40,8,1342.68,1
017373,39,4,646.92,1
017374,218,2,495.77,1
017375,198,3,400.1,1
017376,70,2,203.2,1
017377,23,20,4100.92,1
017379,10,1,404.66,1
017381,8,29,20275.61,1
017382,64,1,65.4,1
017383,3,1,199.29,1
017384,18,2,336.4,1
017385,14,1,261.11,1
017386,7,6,2686.42,1
017387,19,2,784.11,1
017388,77,4,1259.56,1
017389,0,34,31833.68,1
017391,163,2,508.8,1
017392,306,2,457.91,1
017394,218,1,203.86999999999998,1
017396,38,8,7330.8,1
017397,21,2,696.41,1
017398,114,3,653.38,1
017400,125,5,2129.96,1
017402,4,13,2633.85,1
017403,35,1,281.62,1
017405,0,3,1031.41,1
017406,332,3,2200.42,1
017408,162,1,32.65,1
017409,184,2,771.85,1
017410,15,5,1214.72,1
017411,11,3,778.94,1
017412,2,7,1258.06,1
017414,43,2,778.0,1
017415,78,1,507.84,1
017416,29,7,6893.42,0
017418,41,2,463.46000000000004,1
017419,10,12,4226.57,1
017420,49,3,598.83,1
017422,15,6,1979.37,1
017423,45,2,698.41,1
017425,18,2,759.17,1
017426,7,6,5037.26,2
017427,71,1,100.8,1
017428,0,28,17256.85,1
017429,127,3,524.9200000000001,1
017430,32,2,265.76,1
017431,312,1,403.3,1
017432,17,2,365.76,1
017433,87,1,303.15999999999997,1
017434,1,7,2373.82,1
017436,1,2,216.29999999999998,1
017438,253,1,388.45000000000005,1
017440,156,3,186.42000000000002,1
017442,36,6,2248.56,1
017446,176,2,120.9,1
017447,39,2,541.53,1
017449,1,7,2520.86,1
017450,7,46,194550.79,0
017451,0,7,1721.4,1
017453,17,2,486.71999999999997,1
017454,191,4,517.53,1
017455,203,1,131.7,1
017456,364,1,249.86,1
017457,126,5,1737.7,1
017458,14,1,316.5,1
017459,42,2,657.3,2
017460,93,6,622.4300000000001,1
017461,22,3,757.46,1
017462,59,2,675.69,1
017463,15,5,1896.41,0
017464,157,1,289.96000000000004,1
017466,9,2,763.28,1
017468,9,2,137.0,1
017469,15,5,1870.97,1
017470,44,5,1125.07,1
017472,190,3,710.29,1
017475,78,1,194.37,1
017480,77,1,511.82,1
017481,3,4,1255.59,1
017483,64,3,414.04,1
017486,260,1,396.87,1
017489,58,2,376.64,1
017490,0,7,2092.32,1
017491,0,10,3558.87,1
017492,247,1,374.57,1
017495,7,2,497.56,1
017496,358,1,271.05,1
017498,75,1,272.22,1
017499,289,1,622.88,1
017500,16,3,1138.0,1
017501,220,2,288.6,1
017502,8,4,689.1,1
017503,2,2,558.96,1
017504,205,9,2997.0299999999997,1
017505,160,2,1145.84,1
017506,75,1,302.2,1
017507,261,2,605.58,1
017509,57,8,6115.14,1
017510,24,1,308.48,1
017511,2,31,91062.38,1
017512,28,10,2924.9900000000002,2
017513,71,1,513.2,1
017514,127,1,208.65,1
017515,30,4,639.02,1
017516,14,5,768.08,1
017517,308,1,153.94,1
017519,16,6,1844.02,1
017520,53,1,546.81,1
017521,29,3,723.2099999999999,1
017522,1,5,1070.71,1
017523,10,4,652.74,1
017524,360,1,145.0,1
017525,359,1,422.70000000000005,1
017526,4,4,1195.8999999999999,1
017527,53,4,939.37,1
017528,0,8,3628.5,1
017530,0,10,2385.0,2
017531,189,1,296.7,1
017534,53,1,223.36,1
017535,279,1,164.4,1
017536,176,1,76.5,1
017537,29,2,897.62,1
017538,25,1,98.42,1
017540,24,2,578.9,1
017542,269,1,170.75,1
017545,42,3,645.96,1
017548,233,1,103.3,1
017549,23,2,148.86,1
017550,196,3,267.16,1
017551,358,1,306.84,1
017552,59,4,930.41,1
017553,129,1,1487.6,1
017554,0,5,1952.45,1
017555,19,2,483.26,1
017556,205,1,157.9,1
017557,13,3,541.46,1
017560,94,4,854.95,1
017561,18,1,167.62,1
017562,13,7,1122.38,1
017564,23,3,454.01,1
017566,7,2,901.21,2
017567,6,8,4331.48,0
017569,331,1,344.14,1
017571,49,4,1498.51,2
017572,70,4,226.75000000000003,1
017573,28,3,380.6,1
017574,242,1,185.65,1
017576,7,19,3622.68,1
017578,217,1,143.45999999999998,1
017579,4,3,448.90000000000003,1
017580,252,3,215.72,1
017581,0,25,11045.04,1
017582,235,1,175.27,1
017584,6,2,1242.3,1
017585,108,4,1133.07,0
017588,99,3,1240.2,1
017589,59,4,2404.17,1
017590,1,3,1479.22,1
017591,72,7,2225.9700000000003,2
017593,3,5,3927.34,1
017594,84,2,993.18,0
017595,11,2,388.79,1
017596,22,7,2827.93,1
017597,213,1,2044.3700000000001,1
017600,17,1,161.67000000000002,1
017601,238,1,116.00999999999999,1
017602,1,6,5102.97,1
017603,77,1,394.72,1
017604,216,2,309.36,1
017608,32,2,193.42,1
017609,40,5,1112.22,1
017611,6,15,3984.22,2
017612,52,6,2048.45,0
017613,22,14,4559.150000000001,2
017614,56,1,390.07,1
017615,129,3,329.6,1
017616,173,3,571.1999999999999,1
017618,5,3,971.58,1
017619,311,1,218.52,1
017620,59,1,81.44,1
017621,20,3,1379.9,1
017623,32,1,527.0500000000001,1
017624,14,2,843.48,1
017625,17,4,2047.0,2
017628,80,1,75.75,1
017629,5,8,1814.12,1
017630,169,2,503.59999999999997,1
017631,1,3,528.33,1
017633,30,4,1324.84,1
017634,35,9,2361.9700000000003,1
017636,18,1,285.56,1
017637,30,2,547.0600000000001,1
017639,275,1,108.5,1
017640,86,1,621.66,1
017642,119,2,712.29,1
017643,372,1,101.55,1
017644,0,11,2895.64,1
017646,218,3,1008.39,1
017647,64,1,133.06,1
017648,60,4,1797.5,1
017649,137,1,868.49,1
017650,20,1,166.08,1
017651,11,10,3945.0,1
017652,24,12,4867.72,1
017653,36,4,1207.56,1
017654,276,1,117.55,1
017655,10,7,2638.94,1
017656,72,5,1674.69,1
017658,25,2,595.42,1
017659,16,12,2999.46,1
017660,140,1,196.0,1
017663,25,7,1802.91,1
017664,18,2,604.64,1
017666,3,2,728.16,1
017667,65,5,2055.51,1
017668,0,2,347.75,1
017669,42,7,3406.7200000000003,1
017670,227,1,205.7,1
017671,15,4,1572.71,1
017672,49,2,3178.17,1
017673,0,6,1629.12,0
017674,73,2,551.04,1
017675,0,31,20374.28,0
017676,3,6,1387.68,1
017677,1,30,16363.23,1
017678,263,1,298.11,1
017679,52,2,1992.1100000000001,1
017680,23,1,184.4,1
017682,9,6,2474.33,1
017684,43,1,239.41,1
017685,16,7,3191.53,1
017686,6,7,5739.46,0
017690,29,15,4757.95,0
017691,357,2,290.40000000000003,1
017692,126,4,740.9399999999999,1
017693,136,1,200.47,1
017694,141,1,283.12,1
017695,131,2,765.34,1
017696,37,8,2285.71,1
017697,235,1,338.95,1
017698,260,1,154.95,1
017700,16,4,2534.64,1
017701,252,1,417.95,1
017702,29,4,1824.37,1
017703,34,3,798.74,1
017704,168,2,885.19,1
017705,2,9,1823.52,1
017706,3,17,10504.49,0
017707,184,2,152.4,1
017708,187,2,267.08,1
017709,169,1,137.45,1
017711,10,2,385.1,1
017712,44,1,522.91,1
017714,320,1,153.0,1
017715,200,1,326.4,1
017716,22,11,5655.99,0
017718,231,1,139.35,1
017719,37,15,5396.04,1
017720,25,4,1195.94,1
017722,95,4,2424.04,1
017723,126,6,3276.4000000000005,1
017724,70,3,1033.0,0
017725,15,11,3439.08,0
017727,14,1,1060.25,1
017728,3,3,2876.01,0
017730,2,13,5298.4800000000005,1
017731,78,4,1240.11,1
017732,372,1,303.97,1
017733,38,2,692.19,1
017734,53,3,700.63,1
017735,1,19,13110.02,1
017736,8,3,377.44,1
017737,8,2,168.24,1
017738,18,4,1879.05,1
017739,11,7,2791.35,1
017742,112,2,355.11,1
017744,3,6,2322.4,1
017746,239,1,110.25,1
017747,112,1,71.4,1
017749,177,2,674.52,1
017750,4,9,1797.57,1
017752,358,1,80.64,1
017754,0,5,1772.26,1
017757,0,30,5605.29,1
017758,18,8,3456.7000000000003,1
017759,16,3,834.99,1
017760,21,2,287.59,1
017761,32,1,712.78,1
017763,262,1,15.0,1
017764,50,2,818.8199999999999,1
017765,158,3,371.88,1
017767,14,1,271.2,1
017768,7,3,2273.1800000000003,1
017769,12,10,3997.98,2
017770,198,5,1143.27,1
017771,56,2,245.81,1
017772,10,2,182.77,1
017774,96,4,1225.41,1
017775,254,1,56.4,1
017777,24,3,665.86,1
017779,20,3,658.57,1
017781,158,2,188.02,1
017783,71,2,283.47,2
017785,52,1,131.94,1
017786,84,2,278.74,1
017787,152,4,1865.19,1
017788,73,2,1117.9,1
017789,280,1,225.9,1
017790,26,14,1965.55,1
017791,29,1,106.1,1
017793,24,1,323.04,1
017795,179,2,350.39,1
017796,39,4,697.9,1
017797,21,3,780.43,2
017799,21,10,3055.93,0
017800,36,9,1199.01,1
017802,81,3,1285.04,1
017805,73,1,512.31,1
017806,10,1,546.04,1
017809,15,12,5411.91,1
017811,3,39,7837.7300000000005,1
017812,12,4,732.16,1
017813,13,5,1770.8799999999999,1
017816,36,4,36.56,1
017817,3,3,387.68,1
017819,71,7,3704.87,1
017824,50,1,298.4,1
017827,4,5,1995.46,1
017830,1,3,398.7,1
017831,32,1,35.400000000000006,1
017832,49,1,155.37,1
017835,2,3,350.64,1
017836,46,1,110.21000000000001,1
017837,41,8,1593.38,1
017838,26,5,2779.3,1
017839,41,1,338.8,1
017841,1,124,40991.57,2
017843,302,1,205.48,1
017846,84,1,2033.1,1
017848,80,9,901.1999999999999,1
017849,217,4,605.8000000000001,1
017850,371,34,5391.21,1
017852,11,2,114.34,1
017854,184,2,311.26,1
017855,372,1,208.97,1
017856,1,4,1418.03,1
017857,3,23,26879.04,1
017858,5,12,5155.66,0
017859,304,1,148.21,1
017860,368,1,252.8,1
017861,2,8,2100.8,1
017862,323,1,330.9,1
017863,58,6,3160.0,1
017864,12,3,597.5,1
017865,30,20,10526.32,0
017866,142,1,329.65,1
017867,29,6,1197.1000000000001,1
017869,106,5,428.18,1
017870,1,12,1894.35,1
017871,204,1,155.9,1
017873,79,5,1859.16,1
017874,184,6,683.46,1
017877,169,1,237.61,1
017878,43,1,379.45,1
017879,173,1,178.51999999999998,1
017880,364,1,458.92,1
017881,303,1,133.35000000000002,1
017883,2,4,671.77,1
017884,3,4,717.45,1
017885,11,1,190.19,1
017886,31,3,899.61,1
017887,128,1,111.35,1
017888,20,8,726.05,1
017889,211,2,203.87,1
017890,322,2,602.09,1
017891,161,1,203.85999999999999,1
017892,55,3,244.1,1
017893,224,1,112.25,1
017894,71,8,1119.81,1
017895,43,1,98.0,1
017896,22,1,256.32,1
017897,172,3,566.6,1
017898,84,2,152.06,1
017899,158,1,155.8,1
017900,189,2,112.19999999999999,1
017901,28,1,110.38,1
017904,20,1,191.67,1
017905,70,4,800.24,1
017906,246,1,72.9,1
017908,373,1,243.28,1
017911,8,1,366.23,1
017912,309,5,311.01,1
017913,58,2,411.6,1
017914,3,1,336.43,1
017917,44,3,341.28,1
017919,87,1,1304.04,1
017920,3,17,4204.1,1
017921,63,4,826.52,1
017923,281,1,207.50000000000003,1
017924,11,7,2962.5,1
017925,372,1,244.08,1
017926,132,2,397.29,1
017928,44,2,212.54,1
017929,10,4,843.0,1
017930,35,5,1740.48,1
017931,133,2,408.36,1
017932,28,3,1331.57,2
017934,51,2,704.25,1
017935,137,2,145.79,1
017936,4,1,389.84,1
017937,8,7,4301.22,1
017939,159,1,99.14,1
017940,48,10,4106.4400000000005,1
017941,130,1,304.56,1
017942,7,1,77.50000000000001,1
017946,232,2,149.57999999999998,1
017947,36,1,176.68,1
017948,146,1,358.56000000000006,1
017949,0,45,58510.48,1
017950,71,3,482.2,1
017951,39,3,1008.5400000000001,1
017954,4,12,2332.72,1
017955,198,4,557.3,1
017956,248,1,12.75,1
017957,65,1,111.68,1
017958,116,1,508.4599999999999,1
017960,170,1,73.78,1
017961,20,39,1296.44,1
017962,141,1,102.83,1
017964,31,2,471.7,1
017965,37,14,2622.57,1
017966,37,5,1098.43,1
017967,371,1,123.07,1
017968,373,1,277.35,1
017969,165,2,228.2,1
017970,210,1,582.59,1
017972,241,1,136.04,1
017973,51,1,337.04,1
017974,24,3,740.79,1
017975,14,13,4488.81,1
017976,371,1,353.19,1
017977,28,1,288.14,1
017978,364,1,300.91999999999996,1
017979,35,4,757.71,1
017980,165,3,811.45,1
017984,144,1,152.68,1
017985,21,1,634.95,1
017986,55,1,20.8,1
017987,184,1,198.57,1
017988,11,7,201.12,1
017990,236,3,630.84,1
017991,224,2,93.35,1
017994,121,4,678.49,1
017995,281,1,76.1,1
017997,73,8,1970.6699999999998,0
017999,36,2,382.06,1
018001,11,2,417.23,1
018004,361,1,169.47,1
018005,3,2,249.72,1
018006,22,1,444.68,1
018008,69,9,2116.19,1
018009,234,1,257.34,1
018010,256,1,174.8,1
018011,372,1,102.78999999999999,1
018013,154,2,187.29,1
018014,27,1,166.42,1
018015,3,1,120.03,1
018016,31,5,1483.56,1
018017,80,3,523.0,1
018018,107,2,122.14,1
018019,51,1,38.45,1
018022,35,1,668.11,1
018024,152,2,389.78,1
018027,98,1,115.31,1
018030,3,2,230.64999999999998,1
018032,333,1,73.5,1
018033,64,1,97.97,1
018034,21,2,422.88,1
018035,35,3,730.4,1
018036,31,3,405.62,1
018037,153,6,70.02,1
018040,18,2,357.20000000000005,1
018041,11,21,4183.39,2
018042,53,1,165.04999999999998,1
018043,24,3,559.51,1
018044,3,10,2088.6,1
018045,44,1,189.4,1
018048,202,2,172.29000000000002,1
018050,358,1,74.4,1
018053,70,1,300.02,1
018055,6,10,6784.1900000000005,1
018056,287,1,363.65,1
018058,9,1,170.16,1
018059,22,3,306.46,1
018061,21,10,2119.41,1
018062,172,3,720.52,1
018064,132,2,814.0,1
018065,5,14,2392.83,1
018066,74,1,318.0,1
018067,39,1,396.33,1
018068,288,1,101.69999999999999,1
018069,25,5,2036.67,1
018071,257,2,453.0,1
018072,185,1,247.44,0
018073,113,12,3877.5200000000004,1
018074,373,1,489.6,1
018075,22,10,2611.75,1
018077,7,11,2633.0099999999998,2
018078,216,2,336.13,1
018079,44,4,3651.97,1
018080,18,2,1231.5,1
018081,35,3,343.45,1
018082,25,1,703.37,1
018084,15,1,90.47999999999999,1
018085,329,2,689.95,1
018086,273,1,101.34,1
018087,97,2,4055.7199999999993,1
018088,60,1,167.67000000000002,1
018092,1,11,9068.26,1
018093,92,4,2106.52,1
018094,81,7,3017.3,1
018095,311,2,580.0500000000001,1
018096,11,3,911.15,1
018097,7,6,2697.8,1
018099,126,1,168.31,1
018101,10,2,223.65,1
018102,0,60,259657.3,1
018104,36,1,754.64,1
018105,37,1,113.48000000000002,1
018106,329,1,430.7,1
018108,253,1,271.0,1
018109,1,26,8052.97,1
018110,19,1,236.3,1
018112,11,2,352.69,1
018113,368,1,76.32000000000001,1
018114,289,1,220.1,1
018116,67,8,1418.03,1
018117,25,1,320.72,1
018118,10,26,5653.82,2
018119,367,1,181.12,1
018120,213,1,111.15,1
018121,148,2,673.1,1
018122,7,6,1826.21,1
018123,23,2,589.4399999999999,1
018125,29,4,1142.99,1
018126,60,1,206.82999999999998,1
018127,18,3,348.73,1
018129,242,1,112.55000000000001,1
018130,14,3,1059.39,1
018133,211,1,931.4999999999999,1
018135,28,5,681.9100000000001,1
018136,62,3,784.33,1
018138,294,1,152.65,1
018139,17,6,8438.34,1
018142,156,2,1019.52,1
018143,116,2,1000.16,1
018144,7,12,2888.75,1
018145,12,4,2861.55,1
018146,140,2,160.35000000000002,1
018147,45,2,179.33999999999997,1
018149,50,3,612.0799999999999,1
018150,31,3,566.58,1
018151,134,2,653.35,1
018154,2,2,399.19,1
018155,74,3,371.62,1
018156,12,2,734.94,1
018158,8,2,453.4,1
018159,300,1,530.15,1
018160,56,2,638.0600000000001,1
018161,14,5,1618.69,1
018164,36,1,399.65000000000003,1
018165,176,1,302.46000000000004,1
018167,22,3,1384.8600000000001,1
018168,175,6,1169.94,1
018169,60,1,202.65,1
018170,32,3,980.31,1
018171,58,5,1231.31,2
018172,14,20,7561.68,1
018173,86,4,2106.84,1
018174,6,1,104.0,1
018176,357,1,476.35,1
018177,30,6,1341.42,1
018178,128,4,1590.81,1
018179,8,6,1793.17,1
018180,4,6,1843.75,1
018181,23,1,382.8,1
018183,226,2,632.07,1
018184,14,1,49.8,1
018185,248,1,304.25,1
018188,14,3,2001.04,1
018189,77,2,1090.24,2
018190,191,2,284.46000000000004,1
018191,261,1,207.79999999999998,1
018192,71,1,957.97,1
018193,164,1,243.76,1
018194,81,1,973.8399999999999,1
018196,94,2,689.13,1
018198,3,17,5425.56,2
018200,105,1,163.8,1
018202,199,3,1396.99,1
018203,156,1,160.42000000000002,1
018204,70,3,1993.7,1
018205,35,2,517.36,1
018209,28,1,139.10000000000002,1
018210,1,6,2621.38,1
018211,25,5,600.07,1
018212,325,1,248.42,1
018213,236,1,232.48000000000002,1
018215,88,1,299.34000000000003,1
018216,30,1,481.75,1
018217,28,2,621.75,1
018218,210,2,662.08,1
018219,2,10,2069.77,1
018220,226,1,305.28000000000003,1
018221,21,5,1041.61,1
018222,92,1,443.0,1
018223,4,14,6484.54,1
018224,263,1,158.95000000000002,1
018225,2,12,5509.12,1
018226,43,11,5228.05,1
018227,217,1,93.75,1
018228,56,2,779.9,1
018229,11,20,7276.900000000001,1
018230,8,7,2810.2000000000003,1
018231,191,5,2083.27,1
018232,81,4,592.97,1
018233,325,1,440.0,1
018235,71,3,1796.48,1
018236,29,6,882.24,1
018237,2,5,987.1,0
018239,218,5,1561.6100000000001,1
018240,45,1,422.58,1
018241,9,17,2073.09,1
018242,71,4,2232.4900000000002,1
018245,6,7,2567.06,2
018246,23,2,596.1,1
018248,122,2,804.02,1
018249,16,1,95.34,1
018250,309,1,349.27,1
018251,86,1,4314.72,1
018252,50,2,526.67,1
018255,88,1,103.3,1
018257,38,8,2337.63,1
018259,24,3,2338.6000000000004,1
018260,172,6,2643.2000000000003,1
018261,42,2,324.24,1
018262,139,1,149.48,1
018263,25,3,1213.1599999999999,1
018265,71,2,801.51,1
018268,133,1,25.5,1
018269,365,1,168.6,1
018270,37,2,283.15,1
018272,2,6,3078.58,0
018273,1,3,204.0,1
018274,29,1,175.92,1
018276,43,1,335.86,1
018277,57,1,110.38,1
018278,73,1,173.9,1
018280,277,1,180.60000000000002,1
018281,180,1,80.82,1
018282,7,2,178.05,1
018283,3,16,2094.88,1
018287,42,3,1837.28,1
